1,-0.338496352,0.07966812,-0.139484803,2.755725966,0.0225815,0.316743243,9.961032798,-0.211316782
1,-0.384730167,0.086021911,-0.155037363,2.733442437,0.022149906,0.349921141,9.904391988,-0.235122787
1,-0.448874438,0.096441446,-0.18146596,2.681334977,0.021632676,0.215739294,9.836511846,-0.267849636
1,-0.434218218,0.098221049,-0.202871722,2.613219155,0.021447326,0.222455735,9.812187131,-0.263898787
1,-0.43238724,0.099245652,-0.21172037,2.591361302,0.021239769,0.229976922,9.784947195,-0.262823394
1,-0.417347954,0.098564764,-0.221979638,2.568186763,0.021102803,0.234940166,9.766972142,-0.25581078
1,-0.433724598,0.101735094,-0.229526411,2.554225168,0.0208787,0.243060928,9.737561044,-0.263490461
1,-0.346242674,0.091076224,-0.240840565,2.53133736,0.020443964,0.399961078,9.680506842,-0.213542446
1,-0.24743726,0.079521782,-0.273939977,2.507234371,0.253127773,0.399303019,9.631721425,-0.151519371
1,-0.243086258,0.079302611,-0.325683957,2.517186915,0.250374396,0.40583305,9.613940454,-0.15187882
1,-0.262574598,0.081923737,-0.344692199,2.52256238,0.249032163,0.409016441,9.605273165,-0.165994335
1,-0.252732103,0.080761375,-0.353898871,2.524024008,0.246274172,0.415557416,9.587462478,-0.158819134
1,-0.20560957,0.074954922,-0.372993832,2.529187637,0.24351636,0.473046154,9.569653935,-0.126270791
1,-0.045124215,0.056263952,-0.392074257,2.542172996,0.428305688,0.383701705,9.552915209,0.007733469
1,0.084189776,0.042090261,-0.414005154,2.622343793,0.490989664,0.491687371,9.566894277,0.146898098
1,0.00372027,0.048218119,-0.380293108,2.659107411,0.473348892,0.395998243,9.58232538,0.055615818
1,0.007453071,0.046125816,-0.385450069,2.757208918,0.461104524,0.41161302,9.59303701,0.058544681
1,-0.026124453,0.048006776,-0.387789466,2.828847929,0.382689679,0.449300975,9.582525249,0.025228592
1,0.018643474,0.04318466,-0.397436889,2.881521606,0.465512991,0.428218363,9.586996223,0.07101708
1,0.020171121,0.042571282,-0.396634343,2.91094539,0.456149499,0.43971221,9.595231824,0.071986186
1,0.041905651,0.039859339,-0.394629896,2.96641224,0.451958608,0.444856551,9.598917407,0.09633725
1,-0.04398901,0.046872931,-0.390490081,2.988474666,0.360750476,0.480851395,9.587805257,0.00770652
1,-0.042587451,0.045990787,-0.404884835,3.046107054,0.356452637,0.487032101,9.58076436,0.009017504
1,-0.043845914,0.045618279,-0.414075752,3.083874182,0.353122651,0.49182088,9.575308476,0.007884513
1,-0.038651603,0.044796081,-0.421475947,3.113756646,0.35110029,0.494729206,9.571995157,0.012877942
1,-0.028809805,0.043726283,-0.425678897,3.132291951,0.349332097,0.497272013,9.569098172,0.022658897
1,-0.057255943,0.045962363,-0.428767934,3.148747789,0.346876027,0.500804056,9.565074337,-0.004578158
1,0.019092277,0.039335203,-0.435476334,3.171167843,0.474898466,0.484543995,9.572081236,0.071706147
1,0.005901397,0.039724617,-0.434243742,3.219825597,0.470606167,0.489199676,9.575916961,0.057396151
1,0.030714851,0.037421037,-0.435408958,3.248685998,0.467333773,0.492749022,9.578840478,0.084192413
1,0.045632334,0.036016115,-0.433520973,3.268374094,0.463342289,0.497078411,9.582407325,0.100971833
1,0.073577456,0.033636968,-0.428996308,3.289748329,0.45906561,0.501717116,9.586228777,0.134193043
1,0.061916844,0.034171319,-0.419481832,3.30446969,0.45656484,0.504429546,9.58846306,0.120654685
1,0.062074304,0.033970002,-0.414962921,3.315529919,0.45385738,0.507366218,9.590882574,0.120962989
1,0.029951426,0.036117085,-0.410000205,3.327599128,0.451031739,0.510431029,9.593407206,0.08398268
1,0.03649009,0.035401728,-0.408259609,3.345812256,0.448224703,0.513475692,9.595915512,0.091263384
1,0.043894591,0.03463441,-0.405806574,3.363234725,0.445069465,0.516898006,9.598734746,0.099650752
1,0.039465368,0.034701027,-0.402099279,3.381760377,0.44243251,0.519758226,9.601091438,0.094665034
1,0.0433262,0.03421101,-0.399415777,3.39810823,0.440033844,0.522359928,9.603234675,0.099104969
1,0.031667558,0.034853042,-0.39657515,3.412595622,0.438461995,0.524064852,9.604639364,0.085979619
1,0.044378159,0.033818272,-0.395421245,3.423177319,0.435930274,0.526810886,9.606901612,0.10029349
1,0.053690866,0.032964174,-0.392258346,3.43856766,0.43191899,0.53116173,9.610485928,0.111005011
1,0.055292966,0.032542479,-0.385643453,3.460737766,0.427578061,0.535870121,9.614364808,0.113020947
1,0.064309388,0.031596002,-0.378056989,3.484634209,0.424551339,0.539153069,9.61706945,0.124090987
1,0.074743155,0.030675091,-0.371506939,3.499249012,0.420889828,0.629293381,9.620341551,0.136933187
1,0.106420439,0.02836888,-0.361838465,3.51348377,0.72413803,0.515851018,9.634455355,0.176331764
1,0.098080568,0.028651592,-0.344591109,3.513403731,0.721465072,0.517636825,9.639481619,0.166270064
1,0.101855012,0.028319716,-0.338884844,3.515180415,0.718531568,0.51959668,9.644997566,0.170971382
1,0.11237707,0.027563173,-0.332331645,3.516270444,0.715163706,0.521847434,9.651338034,0.184619936
1,0.104170538,0.027970423,-0.323972999,3.51450214,0.71075385,0.524792672,9.659619471,0.17345751
1,0.069017046,0.030051145,-0.313768902,3.515448264,0.403375767,0.644704243,9.664148526,0.129428415
1,0.097898447,0.02784003,-0.299606484,3.541920666,0.708590281,0.535140498,9.675418984,0.165390425
1,0.106851269,0.027088346,-0.286359763,3.546565466,0.704832405,0.537603902,9.682422868,0.177300922
1,0.102745596,0.027219227,-0.277276011,3.546624895,0.70192431,0.539510274,9.687843222,0.17200127
1,0.096575472,0.027498984,-0.270467009,3.547741269,0.698836757,0.54153424,9.693597499,0.163855526
1,0.213917168,0.020739284,-0.263635222,3.550564424,0.831976756,0.313483333,9.756203666,0.329630407
1,0.20580812,0.021511976,-0.210747355,3.32932659,0.82285763,0.321004184,9.780750536,0.322466611
1,0.197425126,0.02207185,-0.189184186,3.253972682,0.815333123,0.327209895,9.801004813,0.309658453
1,0.187230815,0.022689707,-0.170479459,3.199323052,0.80998474,0.313496142,9.815402182,0.294239769
1,0.193166894,0.022370608,-0.156603742,3.166125426,0.805737246,0.335123972,9.826835479,0.304212873
1,0.189571448,0.022591972,-0.145949812,3.138065102,0.802135187,0.338094768,9.836531998,0.298775382
1,0.187119097,0.022740834,-0.136784257,3.11573087,0.797201524,0.342164453,9.84982111,0.294462471
1,0.185068036,0.022865791,-0.124132099,3.08675424,0.788258151,0.349544339,9.873942708,0.289873895
1,0.17418356,0.023488186,-0.101101063,3.03755714,0.783429552,0.335998198,9.886966111,0.274435076
1,0.20799348,0.021586262,-0.088335004,3.015860518,0.934184297,0.358444721,9.91063847,0.327378201
1,0.20135502,0.022027155,-0.075874914,2.974463612,0.923263042,0.365927319,9.946526105,0.314214741
1,0.227090576,0.02070645,-0.055388325,2.917912163,0.913736226,0.233401583,9.977985978,0.357682667
1,0.278076996,0.018227798,-0.04482374,2.859953658,0.966467795,0.093754669,10.02063687,0.451771617
1,0.313401372,0.016909993,-0.066037217,2.817012141,0.979053437,0.107302212,10.09502405,0.521411963
1,0.323862273,0.01732172,-0.143453021,2.833826391,0.948718872,0.075782778,10.24683175,0.532452334
1,0.372390595,0.016681326,-0.27346687,2.823062855,0.980433379,0.067100383,10.36475729,0.656385116
1,0.426829645,0.015339602,-0.43386149,3.048701169,0.960958464,0.055890538,10.65029021,0.783386313
1,0.428666165,0.020069784,-0.860350883,3.800532654,0.962939975,0.090187037,10.95347884,0.788084842
1,0.383265302,0.02847403,-0.969818897,3.634182591,0.916584059,0.099470707,11.02534476,0.690529762
1,0.398980609,0.027823126,-0.946957756,3.474432432,0.953978706,0.108194858,11.10256688,0.733595921
1,0.408131708,0.027845525,-0.933749699,3.351977927,0.943595218,0.117897841,11.1884539,0.758125456
1,0.376977486,0.03202617,-0.923656587,3.238177756,0.886013821,0.129493851,11.2779509,0.669393091
1,0.294126809,0.042265863,-0.887850011,3.065970572,0.855136199,0.1322734,11.35925421,0.474546064
1,0.324634975,0.038808673,-0.826039709,2.895889126,0.861330134,0.196569767,11.43055451,0.54254361
1,0.378072719,0.033206993,-0.783217531,2.763476271,0.91436693,0.167079837,11.68324448,0.648821991
1,0.428693847,0.029765719,-0.709990029,2.478094783,0.973737564,0.10894952,11.92438677,0.794340761
1,0.460513983,0.028863903,-0.725113938,2.466752467,0.97553384,0.049676169,12.19119226,0.894716076
1,0.55291026,0.021868923,-0.781879888,2.597701201,0.932346722,0.06728678,13.25463045,1.146122844
1,0.517230318,0.03937142,-1.176624702,3.661045554,0.906721835,0.092912204,13.65962945,1.089124356
1,0.58528042,0.031650274,-1.115317785,3.301100664,0.961580457,0.038054004,14.43347784,1.369308672
1,0.625098772,0.031655419,-1.210798579,3.548636401,0.921798325,0.077845378,16.34558998,1.438691789
1,0.61684725,0.046881585,-1.229231505,3.377042666,0.915049853,0.155843465,18.68413073,1.358541407
1,0.40545181,0.135103006,-1.017165355,2.617359235,0.769195115,0.082752949,19.38037016,0.664982919
1,0.54932906,0.07295603,-0.849161166,2.30185926,0.884235409,0.180341961,20.32340257,1.169361028
1,0.503201323,0.090173427,-0.746776732,2.058117475,0.860663938,0.202182594,20.87420363,1.005522876
1,0.497170982,0.091639458,-0.665437517,1.894430245,0.873568054,0.214534997,21.20120608,1.003586864
1,0.474426647,0.099616509,-0.621445447,1.813824025,0.832140209,0.228611924,21.55593676,0.914211059
1,0.490755252,0.092552712,-0.56981534,1.72846501,0.876330616,0.241336195,21.90957647,0.975160498
1,0.560111951,0.068640159,-0.527318655,1.662287978,0.959020864,0.040618103,23.05025609,1.207992451
1,0.53538292,0.078767699,-0.499635604,1.685924491,0.925066044,0.074573349,24.00381232,1.111288233
1,0.510344662,0.087955991,-0.446223108,1.626364588,0.907566828,0.092072898,24.49525126,1.043230897
1,0.490174606,0.095012894,-0.410660421,1.582357315,0.892689865,0.202332878,24.89665253,0.968823469
1,0.494941179,0.092582835,-0.375955935,1.54035891,0.896348513,0.119448419,25.24787757,0.990644272
1,0.51304966,0.085640374,-0.349274833,1.511829234,0.979906074,0.13682485,25.77564758,1.050144195
1,0.497879349,0.090867452,-0.321523273,1.492813347,0.969172015,0.146276325,26.06271274,1.007203768
1,0.468567741,0.101467882,-0.303610914,1.477888665,0.835660093,0.253270205,26.53822808,0.882743156
5,0.463795151,0.10194018,-0.260587753,1.438124054,0.860763739,0.174501808,26.83339061,0.879217887
5,0.372797737,0.138354594,-0.235489173,1.41749337,0.703571875,0.221092637,27.27477855,0.59778529
5,0.335434628,0.1503112,-0.17457048,1.384354,0.640716491,0.240467255,27.61597906,0.5135366
5,0.383064456,0.125497935,-0.123436716,1.368843273,0.818465922,0.343530062,27.94210124,0.631598664
5,0.337944026,0.141609412,-0.083457788,1.35198513,0.671347154,0.270742748,28.2441218,0.521680352
5,0.32156558,0.144834625,-0.039847078,1.343722294,0.663347674,0.279428088,28.40785676,0.4925933
5,0.349928388,0.131028296,-0.016559051,1.341894864,0.736297539,0.243870447,28.59284754,0.556378193
5,0.34117552,0.132757426,0.007313117,1.338280794,0.731909524,0.292224124,28.68464162,0.540572187
5,0.334846089,0.13438694,0.019119389,1.337160715,0.689791738,0.297563006,28.79252843,0.524886618
5,0.33161118,0.1344979,0.033938464,1.336423183,0.685562375,0.301867835,28.87955021,0.518683446
5,0.363521238,0.121084839,0.045882245,1.33621683,0.834547775,0.394459202,29.14127187,0.585307728
5,0.403804399,0.104531761,0.075587887,1.33421376,0.829901196,0.2923284,29.60688394,0.680363853
5,0.366462428,0.115782647,0.114922513,1.335448994,0.818873908,0.38985147,29.83777998,0.594021129
5,0.3818766,0.108752956,0.139381365,1.337178211,0.823934625,0.308623128,30.02695434,0.635956576
5,0.372816619,0.110970032,0.156310626,1.339420831,0.820404096,0.35835125,30.10389914,0.618020279
5,0.366507088,0.112759427,0.163764661,1.340562242,0.814920724,0.362637646,30.22340505,0.599635042
5,0.394285873,0.102420914,0.175552483,1.342592335,0.878200448,0.236271709,30.42270313,0.668463535
5,0.35739765,0.11435604,0.190900207,1.347200977,0.797518053,0.376241461,30.62262187,0.572677105
5,0.377944891,0.105943179,0.211023878,1.352131755,0.86955576,0.253566049,30.84333992,0.623211163
5,0.357419009,0.11192576,0.229293556,1.35823741,0.783131321,0.387487597,30.9584476,0.576362496
5,0.358673852,0.110761224,0.240766784,1.362011619,0.806897057,0.346594437,31.0613362,0.580095278
5,0.376062245,0.104263226,0.250371988,1.365451397,0.865613674,0.267503943,31.18195932,0.62301262
5,0.379655265,0.102506269,0.260142087,1.369799874,0.968204521,0.274082477,31.35987402,0.629388518
5,0.374730776,0.103370234,0.27341816,1.376514443,0.85242529,0.278659103,31.47734104,0.619379331
5,0.417021377,0.089382312,0.282852746,1.381372909,0.981527775,0.224406488,31.88508673,0.721123704
1,0.493296134,0.066895608,0.298134319,1.405143318,0.967583216,0.03205768,32.88222567,0.945043331
1,0.542271529,0.055492821,0.23516303,1.56210149,0.958989905,0.040652327,34.51267092,1.115482835
1,0.502789625,0.069514487,0.045361072,1.912789563,0.940082744,0.089707927,35.21188643,1.000788523
1,0.552299802,0.056923657,0.024218742,1.930598612,0.97584308,0.062702752,36.2538046,1.201218736
1,0.521420818,0.06758374,-0.077883239,2.08694211,0.935445419,0.119935727,37.89824729,1.027697408
1,0.50306743,0.074618307,-0.109922483,2.063940911,0.957615891,0.13724029,38.66688117,1.000317624
1,0.515613436,0.071280467,-0.109499076,2.034034612,0.984055735,0.132892132,39.31111858,1.058692159
4,0.576548667,0.054910717,-0.118640551,2.026014914,0.968238584,0.031408953,41.02843424,1.293830289
4,0.544135377,0.067484214,-0.254998203,2.238645675,0.94104486,0.05860343,42.43109349,1.148433605
4,0.55458888,0.065853694,-0.274734122,2.198360702,0.988861996,0.068757683,43.00877011,1.242046899
4,0.514963767,0.079011006,-0.290900305,2.202471208,0.918461475,0.095512398,43.62246822,1.057189406
4,0.498067222,0.084807303,-0.280463823,2.155851539,0.899475358,0.13401447,44.51857706,0.975537536
4,0.48516233,0.088983493,-0.253221842,2.078984229,0.870366591,0.162029101,45.89245578,0.906684714
4,0.474911001,0.091575427,-0.202846317,1.970571081,0.910240951,0.173352498,46.46128323,0.902887366
4,0.468767816,0.093252473,-0.182226703,1.931806022,0.899596755,0.183015435,46.94670008,0.884193108
4,0.461608866,0.095298165,-0.163918196,1.900553911,0.889518009,0.192164918,47.40631816,0.860112637
4,0.462277975,0.094529741,-0.145668981,1.872401484,0.918690496,0.179746677,47.71138664,0.868294719
4,0.464389717,0.093464093,-0.134326534,1.855350235,0.93264039,0.171632263,47.95877943,0.877759226
4,0.464342421,0.093241471,-0.125774404,1.842609588,0.919347199,0.183434669,48.55759854,0.863851062
4,0.436475166,0.10253301,-0.105062656,1.813521456,0.806302123,0.214342531,49.02427191,0.776497278
4,0.438405738,0.10095963,-0.083140473,1.789609335,0.854444596,0.234871409,49.58570987,0.779003825
4,0.481531328,0.08521113,-0.058320885,1.764012302,0.973856583,0.21828521,50.36267709,0.918600277
4,0.583532955,0.054809211,-0.045470943,1.748943353,0.96568549,0.033968902,52.79549986,1.313886284
4,0.566772737,0.063242459,-0.215620368,2.088450117,0.980915191,0.052072018,54.11081723,1.273634172
4,0.632669958,0.046556933,-0.260427484,2.140762552,0.973123891,0.026532108,56.6014543,1.626386943
4,0.629180914,0.05188895,-0.492359466,2.660263184,0.947793525,0.077019243,61.60008803,1.499835126
4,0.636842198,0.055659321,-0.649617654,2.747328799,0.979672416,0.070813921,63.78640096,1.682076833
4,0.662298038,0.05044973,-0.712995844,2.817152189,0.973072738,0.046042241,67.14141617,1.836190001
4,0.61733818,0.070148554,-0.833745981,3.039403733,0.945804936,0.072764006,70.19007039,1.519128619
4,0.565985622,0.092529029,-0.797922959,2.794675435,0.907040673,0.137214023,72.15554546,1.258239271
4,0.542953159,0.102086974,-0.73595935,2.583785826,0.874513925,0.141713648,75.26803325,1.113184585
4,0.560216402,0.092530701,-0.629522171,2.294689848,0.932356071,0.116391213,76.94860532,1.239685426
4,0.604898638,0.074387605,-0.590962612,2.186981792,0.982088265,0.066622086,79.04022602,1.48074434
4,0.655301469,0.057314048,-0.58727195,2.162045816,0.961060269,0.038601393,84.86649711,1.719546338
4,0.630915143,0.070714329,-0.697721701,2.444905619,0.969171295,0.067915281,89.32148276,1.590330115
4,0.594963968,0.087408285,-0.691397038,2.370439667,0.91173615,0.087927101,92.14809484,1.407299593
4,0.586821237,0.090929611,-0.650628185,2.241956496,0.92296572,0.097932637,93.59426855,1.396692757
4,0.582393927,0.092778359,-0.629743344,2.182164441,0.924964368,0.106595513,94.85597733,1.376208656
4,0.614479204,0.078934875,-0.611171991,2.132163803,0.981889803,0.101818314,97.55984232,1.536161757
4,0.605946615,0.083122691,-0.601757564,2.102820948,0.989480779,0.110965358,99.09166888,1.512119616
4,0.625653685,0.075223182,-0.593013291,2.078638069,0.982487354,0.044479271,101.9583772,1.610277992
4,0.59999177,0.086909774,-0.59662596,2.088991835,0.972845953,0.115442476,103.4692822,1.47628009
4,0.600531309,0.086746038,-0.584911986,2.058313923,0.975250781,0.060981307,104.6483518,1.487774583
4,0.624816471,0.076580466,-0.576751572,2.037755774,0.989311878,0.044153027,106.4637428,1.633136319
4,0.683264479,0.054957354,-0.580150622,2.049429031,0.973970332,0.02569702,112.3870035,2.005615997
4,0.668923306,0.064002083,-0.722917972,2.506787829,0.979484114,0.045362112,117.0006221,1.915195173
2,0.705017721,0.052452446,-0.763426437,2.584742017,0.961071236,0.038597914,127.8452457,2.116508424
2,0.670785397,0.071936263,-0.924403374,3.003971139,0.941461826,0.058207762,133.1713208,1.928144136
2,0.615527077,0.099913641,-0.909308433,2.875126912,0.924929064,0.059526046,136.9244483,1.539950769
2,0.603106194,0.10556064,-0.853527462,2.681558685,0.895495831,0.089444335,143.5743416,1.412471936
2,0.597751661,0.106005615,-0.753806659,2.385124946,0.932790099,0.119708881,146.1877208,1.450852334
2,0.605940266,0.100938121,-0.720134206,2.292082802,0.936760994,0.162579905,148.1508889,1.513363327
2,0.586317663,0.110784074,-0.699437332,2.235038321,0.927881546,0.135631705,150.1484168,1.393889458
2,0.583777301,0.111345964,-0.673612577,2.170863117,0.930205679,0.176840963,151.7639133,1.385575603
2,0.574634184,0.115615272,-0.653390575,2.122450184,0.894737338,0.155609392,154.9818156,1.310291886
2,0.525711451,0.141770719,-0.611088007,2.028694483,0.790815537,0.14209373,159.0504854,1.061552562
2,0.511881576,0.145636983,-0.542296486,1.90736863,0.781072277,0.152660132,161.1062566,1.029466893
2,0.512954421,0.14267911,-0.507996723,1.852337822,0.810989281,0.165832544,162.3056745,1.044991994
2,0.474738377,0.164469007,-0.488851771,1.822307737,0.769721866,0.094256515,163.4158493,0.89733511
2,0.430763516,0.191079309,-0.468856177,1.795910858,0.755531101,0.051898996,165.7111788,0.738247404
2,0.357891254,0.236290575,-0.423949483,1.750396451,0.702348327,0.088587307,169.1366874,0.53082969
2,0.39569574,0.197320192,-0.351750892,1.714705806,0.73559123,0.112901706,172.2790781,0.629989073
2,0.455241185,0.153555639,-0.289321321,1.672744774,0.775566646,0.158369189,175.8886668,0.803946117
2,0.412178507,0.17292179,-0.230840095,1.61856877,0.755932541,0.129623134,177.9699947,0.686700913
2,0.37289982,0.192146773,-0.193613484,1.594846852,0.729357029,0.143425465,179.4092926,0.586824624
2,0.314334834,0.225168914,-0.165782984,1.584139102,0.674213389,0.150981703,180.6428725,0.453022031
2,0.366710114,0.187870258,-0.139974423,1.584030964,0.736866196,0.161158785,182.040025,0.571817006
2,0.344580373,0.197401818,-0.113269557,1.576231713,0.684341361,0.169000074,182.9461317,0.522837311
2,0.319687064,0.209780586,-0.095253219,1.573638633,0.677815854,0.178070194,183.7659425,0.467827101
2,0.306874878,0.214754134,-0.07830153,1.574043819,0.659904237,0.187009875,184.6489614,0.440229847
2,0.307527189,0.210992834,-0.05968155,1.576345289,0.676308798,0.192986427,185.2542248,0.443798239
2,0.230483405,0.257805369,-0.047032659,1.578011562,0.574923524,0.156053695,185.8919544,0.299015986
2,0.242706588,0.245719365,-0.032572828,1.588418637,0.580297517,0.19135805,186.5118126,0.320103899
2,0.216453235,0.259254325,-0.018595679,1.597154605,0.565736948,0.159026291,186.8045269,0.27809707
6,0.110003456,0.331875259,-0.011784028,1.603035693,0.494799602,0.100397473,187.2903984,0.124073627
6,0.033340935,0.381601207,0.000104673,1.63484397,0.469234578,0.086784105,187.5214853,0.036334243
6,0.153320337,0.281947595,0.005818909,1.693293607,0.531222121,0.114305318,188.3195626,0.179584601
6,0.084990378,0.319590209,0.025594934,1.727383248,0.492352692,0.131981852,188.6045122,0.094423712
6,0.044530921,0.34194214,0.033082797,1.754780881,0.484810897,0.101815416,188.7323387,0.04894293
6,-0.101941707,0.447250338,0.036854157,1.781930088,0.40013014,0.066223289,188.460012,-0.088520482
6,-0.208037832,0.530976855,0.030116881,1.808059214,0.360533023,0.121148338,187.1355432,-0.163873474
6,0.003498096,0.352663146,-0.003977829,1.872036527,0.45085658,0.144734116,187.1600518,0.006372757
6,0.178507782,0.232429577,-0.003500627,1.929928069,0.58575872,0.17728981,189.032623,0.208803414
6,0.050122148,0.292489886,0.046027427,1.999875196,0.495753264,0.154026889,189.4418907,0.053571176
6,0.14974313,0.223785541,0.058666768,2.085331467,0.573336084,0.179932798,190.6162577,0.172310017
6,0.119371297,0.229613583,0.092072043,2.149737145,0.536048954,0.245228479,191.1230179,0.13584683
6,0.170769063,0.19887365,0.107015103,2.188704578,0.672939086,0.210344704,191.5469108,0.206720213
6,0.152731233,0.204830986,0.119016973,2.207442632,0.611529814,0.230326684,191.8787421,0.181572262
6,0.144445581,0.206350581,0.128831603,2.225802829,0.599339197,0.231513839,192.0987188,0.170822005
6,0.068477913,0.242550424,0.135483585,2.239301367,0.485388431,0.257982177,192.3550184,0.075150035
6,0.037028524,0.253806251,0.144422571,2.281368944,0.477844714,0.188901878,192.4730251,0.040813671
6,0.050019114,0.242895368,0.148987325,2.317678699,0.489340485,0.252077755,192.5588298,0.055206464
6,-0.002718517,0.268186179,0.152078321,2.336936471,0.389159981,0.200245154,192.5482575,0.000194374
6,0.060390746,0.231426596,0.153139243,2.378137109,0.495181947,0.303604721,192.8191266,0.065823307
6,0.019410143,0.245940418,0.16303344,2.431351774,0.420175193,0.221424599,192.8813706,0.022384707
6,0.048493907,0.227945705,0.166053493,2.468849162,0.488378779,0.301449224,193.0167192,0.053210298
6,0.147608461,0.180248686,0.17125672,2.502738081,0.638459396,0.27702008,194.2842042,0.168806121
6,0.110675212,0.187300466,0.211341212,2.587209768,0.558003993,0.355891266,194.6575573,0.125350242
6,0.13202124,0.175229545,0.224079437,2.625246478,0.616418548,0.312044364,194.976083,0.153310463
6,0.118062623,0.178545989,0.234935152,2.651649792,0.561353783,0.351956724,195.2303958,0.135453107
6,0.226722109,0.135664549,0.243850849,2.676475429,0.755582423,0.203647739,196.725643,0.286846301
6,0.250645212,0.123436693,0.285515158,2.715096629,0.791327314,0.168146287,198.4421894,0.326442159
6,0.258996006,0.117085653,0.329891849,2.744530817,0.818006204,0.17947493,199.6432657,0.344881973
6,0.321833404,0.096164973,0.359696467,2.761860009,0.860960585,0.124473815,201.9776608,0.461285853
6,0.318388906,0.095045373,0.399086292,2.752409562,0.847439503,0.156519705,206.0541407,0.441706552
6,0.304033918,0.095323526,0.467158262,2.749076087,0.833797235,0.17009459,207.5010219,0.430242229
6,0.322095284,0.089117206,0.492302436,2.753612957,0.886677281,0.177714432,208.9071344,0.46872166
6,0.321472503,0.088268666,0.512008344,2.752172216,0.885872246,0.191480475,210.5653423,0.465699568
5,0.289700874,0.095455048,0.534642482,2.751902003,0.803391756,0.215488286,212.6968492,0.397104865
5,0.280705206,0.095612031,0.573265818,2.771980955,0.777298638,0.23097381,213.8457088,0.386033375
5,0.2569081,0.100693045,0.594800532,2.786169089,0.734439243,0.275953544,215.2855391,0.339852033
5,0.280808917,0.092420271,0.626289243,2.816805224,0.852522241,0.24524707,217.2075443,0.381348564
5,0.275714267,0.09174871,0.660555786,2.84314887,0.83318165,0.262369627,219.0857998,0.371929828
5,0.258466698,0.094124802,0.694597484,2.873312486,0.73071482,0.290982072,220.713625,0.341623724
5,0.254264361,0.09319751,0.727454211,2.910101789,0.716217939,0.308994843,222.2058497,0.334897753
5,0.245530485,0.093519643,0.757994602,2.947132008,0.688298864,0.317886471,223.1033375,0.323026274
5,0.306047491,0.078135739,0.777046132,2.972439346,0.874845601,0.320788079,228.7851418,0.408313571
5,0.265596381,0.083864094,0.837826674,3.02776082,0.839922646,0.370836678,231.3261208,0.34949944
5,0.268294879,0.08098191,0.879641221,3.084485739,0.856867899,0.377620577,232.648807,0.361661486
5,0.275526443,0.078334486,0.899519784,3.112259479,0.869002514,0.360332264,233.8070956,0.376285427
5,0.287932241,0.074883278,0.914676625,3.133467014,0.932496714,0.351941872,235.1938456,0.398953617
5,0.285559859,0.074602429,0.928543032,3.152854453,0.922483081,0.360905466,236.2076274,0.396507751
5,0.310654258,0.068922394,0.938745205,3.167673718,0.948791081,0.201789771,237.4224528,0.446119915
5,0.308825911,0.068881675,0.943569786,3.176124522,0.944840093,0.214573873,239.1287349,0.439396782
5,0.34678428,0.061006052,0.950872854,3.188860399,0.962253367,0.098382875,241.9409441,0.516112088
5,0.360192756,0.05835226,0.934624841,3.185744361,0.962996527,0.112842577,245.1865695,0.545379632
5,0.358416334,0.058730761,0.904625679,3.174026101,0.975540227,0.108246259,246.7549619,0.551881461
5,0.360002062,0.058469974,0.890756862,3.167264289,0.973317547,0.098498258,248.6853138,0.553541909
5,0.280632683,0.073931245,0.873849386,3.157953911,0.867810028,0.264337112,251.5369609,0.37712873
5,0.279744142,0.072522006,0.905451726,3.196323563,0.889420992,0.265131561,253.515985,0.380304443
5,0.152442408,0.098974245,0.926002086,3.223045308,0.598656003,0.372572765,255.5683575,0.172748203
5,0.197135173,0.084323274,0.994199538,3.393307495,0.714267983,0.461569708,257.8450471,0.237071674
5,0.22454206,0.075706367,1.051127904,3.515746952,0.814123597,0.381328471,259.4494952,0.284282052
5,0.210765557,0.076883641,1.080983563,3.575757061,0.782110381,0.452882104,260.4127044,0.264975391
5,0.142955747,0.089459154,1.101146397,3.619128765,0.616339023,0.429033096,261.4118039,0.164733588
5,0.125950523,0.090689999,1.135924924,3.716376342,0.537816131,0.415961778,261.8298519,0.144615262
5,0.103871284,0.094149003,1.152185642,3.765413554,0.432428079,0.414562563,262.3268773,0.11608715
5,0.113348921,0.090471732,1.174753915,3.840638089,0.462600209,0.409911068,262.7621919,0.128303112
5,0.093882879,0.093127197,1.193195065,3.900289905,0.417758895,0.391836925,263.3396703,0.103466605
5,0.048492374,0.100269312,1.221608689,4.001158009,0.376854648,0.345974639,263.7140051,0.051645542
1,-0.233040942,0.163397124,1.250281953,4.130325089,0.21189273,0.208403316,261.4319579,-0.180239037
1,-0.060920851,0.11923555,1.179839692,4.07397806,0.325167672,0.189199803,260.3603595,-0.051615008
1,-0.065838964,0.113153074,1.181464902,4.297479294,0.316939721,0.215726591,259.945101,-0.058241102
1,-0.04345386,0.106139811,1.180118071,4.376724788,0.409270795,0.205896568,259.788572,-0.038962553
1,0.095846341,0.07867085,1.182455791,4.428625378,0.487579874,0.341611088,260.7206446,0.104481374
1,0.068238366,0.080418029,1.230384351,4.607738003,0.467296271,0.345220421,261.0959268,0.074109565
1,0.063473253,0.079519008,1.254413413,4.712600508,0.461605643,0.346459948,261.3132743,0.069282262
1,-0.017217901,0.09257383,1.269084081,4.778798493,0.398270463,0.231160456,261.2291131,-0.014408955
1,0.006289698,0.086703342,1.278077129,4.866496776,0.420950329,0.283376872,261.2528933,0.008485573
1,0.075512153,0.073998699,1.287844505,4.935905087,0.5083461,0.375523707,261.5484584,0.082866864
1,0.066104683,0.074396481,1.305781154,5.013432405,0.475713531,0.39388948,261.8761549,0.071808332
1,0.088961889,0.069436393,1.328291559,5.11671542,0.558459076,0.392306549,262.2267266,0.098613039
1,0.07441242,0.070631259,1.347410036,5.195229078,0.505584436,0.414723559,262.4120403,0.081998573
1,0.129608276,0.061854472,1.359393365,5.248439828,0.733365278,0.455597951,262.9568634,0.149054798
1,0.104594987,0.064535377,1.380870334,5.322712002,0.596482122,0.447391841,263.3388653,0.117624008
1,0.084012163,0.06665151,1.399538063,5.395419335,0.539774174,0.421966487,263.7003982,0.092583094
1,0.111023948,0.061786101,1.420560648,5.486204713,0.657895482,0.458181695,263.9768653,0.126117379
1,0.117245489,0.060392537,1.43338647,5.535494056,0.684371515,0.479047603,264.2334909,0.134129092
1,0.104931258,0.061616455,1.44480138,5.578415211,0.600037619,0.466630971,264.4837672,0.118556473
1,0.092948847,0.062733206,1.457302154,5.628219722,0.573110292,0.470122482,264.6953732,0.103950995
1,0.094788465,0.061965593,1.468827813,5.67684174,0.587785523,0.495407785,264.8659047,0.106354943
1,0.096324671,0.06135887,1.477922845,5.715040177,0.584280959,0.478760013,265.0333659,0.108235354
1,0.136861023,0.055623222,1.486964314,5.752893216,0.777268014,0.511817608,265.354486,0.159614767
1,0.141086113,0.054666252,1.498789598,5.794960345,0.783587268,0.497939041,265.7385019,0.165048523
1,0.132727799,0.055261727,1.512249376,5.842351624,0.765256268,0.519359433,266.0148117,0.154289624
1,0.099103458,0.059235063,1.522653774,5.880412507,0.584953223,0.496769718,266.449986,0.110531284
1,0.109696313,0.05693394,1.545958284,5.978807737,0.675696001,0.516978919,266.7495102,0.124339502
1,0.11847436,0.055284533,1.560450761,6.037812133,0.748248088,0.53142158,266.9755847,0.135862168
1,0.114148799,0.055474602,1.570283766,6.076677274,0.726110905,0.525961278,267.449618,0.129259409
1,0.206953815,0.043843881,1.591746628,6.163638488,0.878910418,0.23820106,269.7485723,0.252843011
1,0.193871511,0.044450188,1.609389264,6.217166758,0.86830802,0.27767639,270.5350557,0.239537124
1,0.191660844,0.044348362,1.618586731,6.246308366,0.854318474,0.289311331,271.5727864,0.234996184
1,0.180203314,0.04513368,1.631461725,6.287956637,0.828109141,0.351052207,272.5824038,0.217860031
1,0.140722135,0.048972635,1.648647909,6.345859013,0.750584142,0.543733389,273.1230015,0.163937899
1,0.129583458,0.049684327,1.666752178,6.414762243,0.733275739,0.542760553,273.7493749,0.148702365
1,0.110677047,0.051101461,1.690533275,6.509573216,0.702974223,0.590331637,274.0424919,0.125645449
1,0.091713397,0.052842827,1.704219616,6.568045609,0.640808214,0.525172353,274.3050733,0.102263597
1,0.085822947,0.053005154,1.719160724,6.636713817,0.618538032,0.513197144,274.5659238,0.095160834
1,0.068829161,0.054407431,1.735209952,6.712572053,0.492272796,0.506468163,274.7308303,0.075555472
1,0.048716837,0.05629568,1.74741774,6.774612863,0.441536053,0.506927229,274.915106,0.052739623
1,0.077850163,0.052173416,1.765343356,6.875035876,0.576654138,0.521804356,275.3377431,0.085051875
1,0.075579926,0.051418306,1.794266739,7.01911542,0.572098248,0.525580753,275.5162922,0.08336231
1,0.066298711,0.052019964,1.806658333,7.081759524,0.482807453,0.527220572,275.6370665,0.072815998
1,0.07285109,0.050955321,1.816154292,7.131765144,0.548004205,0.531266902,275.7607871,0.080389757
1,0.067846664,0.051191765,1.825245141,7.17854617,0.518312622,0.534118335,275.8882954,0.074583293
1,0.089758067,0.048487813,1.835009723,7.229979786,0.687159286,0.575625161,276.261863,0.09946819
1,0.095983837,0.047146026,1.857501041,7.339945163,0.710528063,0.60299278,276.5113416,0.107547559
1,0.087106578,0.047665507,1.871220467,7.406053035,0.674911537,0.58318532,276.7622596,0.096761233
1,0.051236024,0.050980735,1.886710829,7.483351851,0.425881063,0.551089506,276.9492971,0.055538114
1,0.033205835,0.052247953,1.904932245,7.588546124,0.347859206,0.531858025,277.2143643,0.035551204
1,0.091723646,0.044834219,1.940730604,7.816907254,0.712074011,0.6282908,277.6828403,0.101412217
1,0.072312903,0.045969468,1.968767486,7.959378845,0.585697505,0.588404014,277.9185638,0.079290661
1,0.06390369,0.046265886,1.986878319,8.05830054,0.531472498,0.582777138,278.0861675,0.069874585
1,0.07531707,0.044727646,2.001016919,8.138385139,0.644886626,0.611622443,278.4614713,0.08227107
1,0.054837217,0.045936107,2.028277346,8.287757417,0.4507775,0.594907438,278.7043208,0.059313012
1,0.095975546,0.041374088,2.051577332,8.426671404,0.743343972,0.669350884,279.4524022,0.105497695
3,0.131191275,0.037245183,2.094510099,8.652805788,0.820754515,0.585860673,280.4060132,0.149510015
3,0.06757127,0.042086221,2.124720325,8.804487656,0.60528017,0.643720451,280.8694228,0.072936066
3,0.110057787,0.037442068,2.162937528,9.028746456,0.776578933,0.670348095,281.586562,0.123130095
3,0.101865217,0.037412567,2.195163633,9.200603046,0.735629768,0.682815046,282.8489432,0.110720529
3,0.101259316,0.036071116,2.259987797,9.559155335,0.764903036,0.701792955,283.6818374,0.111611372
3,0.161375457,0.030638097,2.302631676,9.800227065,0.931325364,0.351705343,284.5308733,0.191215644
3,0.147147415,0.031416465,2.306278486,9.839464238,0.877217858,0.462259831,285.330554,0.171577764
3,0.133711161,0.032066226,2.317833362,9.913247777,0.844271433,0.54632139,286.0935246,0.153543465
3,0.140100199,0.031186087,2.336082961,10.02014101,0.861316962,0.478221875,286.6933592,0.162744948
3,0.176346658,0.0283554,2.347118355,10.08841099,0.955769957,0.328278377,287.4961336,0.213050107
3,0.184991589,0.027638329,2.338661397,10.07735138,0.948888346,0.252510408,289.2202245,0.222029788
3,0.207800939,0.025944107,2.310227596,10.01073884,0.963694037,0.22063564,290.3251397,0.259921261
3,0.194347869,0.026877972,2.270171244,9.890135058,0.944667883,0.235830043,291.685956,0.237823814
3,0.229754893,0.024518699,2.238697023,9.797342761,0.976640226,0.130373143,292.8914988,0.295391156
4,0.288723212,0.02105947,2.174888909,9.603007327,0.965474794,0.062692858,296.9758933,0.389195624
4,0.373623137,0.01742763,1.788242367,8.593866627,0.962236764,0.037547432,303.6578634,0.564267132
4,0.349240238,0.022536007,0.905669174,7.102134405,0.939439241,0.060345118,307.5254754,0.520024933
4,0.343146397,0.024662657,0.664092777,6.408821503,0.944959673,0.078065223,310.5505279,0.510215109
4,0.357715291,0.024732154,0.530534414,5.947550978,0.978649306,0.097550133,314.2150287,0.541500501
4,0.336202449,0.028025942,0.377288265,5.473023786,0.930159172,0.11025394,316.4634418,0.498381273
4,0.259928744,0.035786575,0.325502382,5.212653561,0.849196854,0.118618327,321.5166913,0.332265027
4,0.290880108,0.03299499,0.366700853,4.850098365,0.867811977,0.204223117,325.4708388,0.395396845
5,0.306180676,0.032199018,0.358714936,4.546890457,0.920133777,0.189312111,327.796846,0.433398415
5,0.30120575,0.033175122,0.342126863,4.37653036,0.908487358,0.199570598,329.5828542,0.425611328
5,0.285259432,0.035070973,0.333791903,4.256567803,0.861846123,0.208832517,331.1027787,0.394976157
5,0.297728382,0.034050546,0.335095162,4.166033197,0.92630678,0.218588963,332.8395151,0.418860183
5,0.286141032,0.035494396,0.33029718,4.063640376,0.851308066,0.228854859,334.6012312,0.395741018
5,0.252467016,0.03916258,0.332338828,3.970425014,0.811973639,0.255412724,334.6167689,0.339825926
5,0.25821895,0.038561923,0.332490252,3.969797143,0.794014607,0.271999061,337.2077465,0.339902735
5,0.278117872,0.036515611,0.355384439,3.865214113,0.824655448,0.272574412,341.7573801,0.369046259
5,0.289844376,0.035665441,0.372848428,3.676517162,0.959250072,0.252070547,345.1083659,0.396765673
5,0.226174183,0.042825655,0.373390558,3.546266631,0.732056963,0.328675711,347.2190553,0.286481981
5,0.316746476,0.033100292,0.404943309,3.510874155,0.978662067,0.217812832,350.6347545,0.451655518
1,0.46938514,0.020392677,0.376034898,3.393003868,0.941858887,0.057925897,368.6085968,0.795512471
1,0.47993998,0.027164014,-0.433957257,3.834682853,0.960047923,0.095360672,382.1316466,0.857692761
1,0.456838851,0.035408724,-0.653987502,3.637500285,0.923961747,0.12935604,394.224293,0.787362819
1,0.430350064,0.043032506,-0.662867492,3.211682172,0.897086215,0.15467429,402.910443,0.72022611
1,0.425415793,0.045800213,-0.617810885,2.901287487,0.908049828,0.171205979,408.7581711,0.71799529
1,0.438256733,0.044930134,-0.586080228,2.726111262,0.981316134,0.186512229,414.6526218,0.757375772
1,0.479721837,0.039669052,-0.566340174,2.594290416,0.972445092,0.04530378,425.1309116,0.877340326
1,0.487087356,0.041344179,-0.59365926,2.541041336,0.970005665,0.056304907,437.155138,0.89861477
1,0.461824776,0.048912202,-0.612897662,2.479198972,0.94311978,0.082455516,447.5676535,0.817386927
1,0.448672904,0.053378837,-0.579266556,2.326360675,0.920428999,0.104526072,456.3315662,0.781347641
1,0.317261873,0.08383018,-0.539323359,2.19551137,0.741485915,0.201002537,465.0070901,0.439282339
1,0.349456549,0.0737615,-0.43193039,2.049075631,0.867131476,0.215946523,469.6806741,0.523841852
1,0.314659987,0.081182722,-0.383899171,1.974385991,0.753467299,0.230433495,473.6759755,0.448687171
1,0.35376067,0.071234132,-0.338397226,1.921014462,0.887382485,0.26676994,478.2207087,0.534652374
1,0.381445467,0.064843728,-0.297007801,1.86223898,0.892243897,0.229570388,482.3598014,0.604839781
1,0.368647563,0.067532623,-0.269069512,1.818509592,0.88124496,0.26121522,485.8296319,0.574558264
1,0.339829405,0.073674862,-0.243408324,1.78309656,0.868712427,0.257069394,489.385279,0.505644078
1,0.351287022,0.07065473,-0.211577757,1.748256723,0.868746806,0.300563088,493.6497731,0.530120507
1,0.329274344,0.075093034,-0.177767863,1.711296282,0.839080877,0.282403275,498.0914535,0.479465641
1,0.356245876,0.068468121,-0.138137487,1.677064484,0.885124156,0.286366419,502.2424213,0.542474754
1,0.352040793,0.069074159,-0.109773167,1.650491717,0.899735282,0.296839715,506.258824,0.532971464
1,0.421958143,0.054716569,-0.082415494,1.627637651,0.967709118,0.114713612,518.1165173,0.692457641
1,0.461349015,0.048497367,-0.074632815,1.64045036,0.975010354,0.056060266,529.1362763,0.820052402
1,0.458551557,0.050811555,-0.117667518,1.738184655,0.970673596,0.053170145,542.2022795,0.804522299
1,0.459817491,0.052408338,-0.146357533,1.794732083,0.970026251,0.08134793,555.9413588,0.8075557
1,0.470941648,0.051972534,-0.166196734,1.826770354,0.981870393,0.097806581,564.82683,0.862559114
1,0.502959821,0.046988089,-0.187563972,1.862434983,0.979032619,0.038298508,576.6991275,0.972700954
1,0.512763529,0.047160327,-0.251586784,1.987271487,0.957845834,0.061824485,602.1649818,0.967772896
1,0.557214125,0.042239028,-0.343452421,2.12063164,0.967575688,0.03221096,626.603519,1.172729049
1,0.533833914,0.051768628,-0.504427657,2.448327017,0.923773304,0.076013106,659.1122078,1.041515217
1,0.441640906,0.080079964,-0.526227148,2.346142259,0.856411125,0.08759713,675.9748818,0.748069998
1,0.48567468,0.067440686,-0.444480017,2.156906767,0.90756473,0.128965657,688.8472555,0.90988459
2,0.523862558,0.058385889,-0.4177604,2.075321081,0.977360399,0.112579037,705.868547,1.051628582
2,0.49890094,0.06656413,-0.42672083,2.068698196,0.957545315,0.130566384,720.138045,0.957958234
2,0.457902396,0.078897716,-0.407310987,2.008573296,0.871717538,0.147001395,731.6451675,0.817371939
2,0.314689077,0.125877106,-0.369309387,1.931388325,0.733415643,0.137430199,748.5007432,0.427654442
2,0.267203015,0.135782592,-0.258876111,1.855275239,0.680298174,0.170603653,763.6656881,0.338760179
2,0.262264592,0.128524019,-0.154695139,1.835359722,0.712216464,0.211376121,772.3813613,0.341399942
2,0.261580384,0.123938516,-0.095265876,1.829783606,0.729099671,0.227414069,777.9427892,0.345726976
2,0.336167033,0.097816087,-0.057560934,1.827923485,0.806155419,0.128519742,784.609443,0.494905799
2,0.254677978,0.121498755,-0.022832183,1.807547756,0.734908369,0.237479311,789.4168939,0.334698067
2,0.210199385,0.133628462,0.009661494,1.810450876,0.591048188,0.241027144,794.0247085,0.25989421
2,0.198608398,0.133974926,0.043470128,1.828154838,0.577783409,0.258055718,798.4406127,0.242002605
2,0.243875394,0.116066845,0.076686302,1.850501946,0.749746547,0.284190452,803.129344,0.31595146
2,0.241181066,0.114488584,0.108848399,1.859651728,0.75231329,0.298773592,808.3392844,0.310483749
2,0.228607901,0.115601767,0.144588902,1.872130368,0.692780229,0.313392553,813.332502,0.28950817
2,0.25711973,0.104671119,0.179931937,1.889743395,0.804255086,0.35672192,817.5400999,0.340340999
2,0.338696767,0.08163059,0.206916131,1.897711115,0.869653061,0.172320914,828.3593106,0.493704676
2,0.291176406,0.092226037,0.24767115,1.88853965,0.795396885,0.224552791,834.3594717,0.401834936
2,0.281296594,0.09329845,0.279080962,1.893670956,0.781277073,0.273995848,840.1581267,0.382964237
2,0.205299185,0.112172356,0.310523026,1.902655826,0.683888295,0.338918201,845.5919391,0.251308112
2,0.234911288,0.101017122,0.350486737,1.939081485,0.760320859,0.379657519,850.7845615,0.30013898
2,0.166253455,0.117406397,0.384601967,1.963633997,0.514451706,0.347630375,856.6236868,0.192203058
1,0.062677392,0.142493467,0.433266451,2.030526911,0.417241808,0.145215269,859.6039747,0.064023515
1,0.086540068,0.127570819,0.470449592,2.152313607,0.459738639,0.221753394,861.2669376,0.093509095
1,-0.032434727,0.15920252,0.489216229,2.201761395,0.386425197,0.145473942,860.6315288,-0.02991101
1,-0.258694721,0.231520724,0.489167022,2.249514196,0.246108597,0.13671016,852.8313962,-0.197598326
1,-0.086277181,0.170002098,0.425757694,2.253779344,0.356893008,0.175020985,848.3707037,-0.073825968
1,-0.129268549,0.173974385,0.396677907,2.374628935,0.321102383,0.242280527,844.8627637,-0.11004731
1,-0.046748563,0.145797206,0.369046607,2.429134337,0.43718489,0.224492165,843.772819,-0.042606336
1,0.030782769,0.12178037,0.363586957,2.493411353,0.496559207,0.22120479,844.285307,0.032028955
1,0.010928282,0.124286146,0.372049835,2.54332252,0.485761353,0.235200268,844.4926885,0.011672321
1,-0.034168772,0.132862192,0.378194761,2.600782277,0.450747551,0.261819694,843.9351009,-0.031571831
1,0.020974016,0.116847405,0.376254754,2.650451327,0.509174686,0.269778622,844.2202141,0.021947542
1,-0.013388219,0.123120529,0.382211859,2.694580237,0.463266902,0.313280466,844.0499583,-0.012168444
1,0.076825656,0.100690315,0.383365138,2.734459431,0.586487057,0.222446445,845.3648731,0.08246341
1,0.088562462,0.096129905,0.399691396,2.787370648,0.593887449,0.221737611,846.8879378,0.096123206
1,0.093161915,0.093209886,0.418050202,2.840146879,0.603807049,0.258271262,848.1019442,0.102080613
1,0.11973746,0.086464593,0.43264117,2.880326986,0.63055829,0.3217057,849.737306,0.13479366
1,0.070641544,0.094873867,0.450601026,2.918599315,0.550551024,0.270077263,850.7882253,0.075581466
1,0.08273016,0.090783176,0.46470555,2.968379433,0.576965258,0.264803944,851.7342444,0.089882494
1,0.0559633,0.094855334,0.476853589,3.00620418,0.50125537,0.299294434,852.5155001,0.05918198
1,-0.054496301,0.116349982,0.488718739,3.056252361,0.374365891,0.274164344,851.8226294,-0.050119553
1,-0.049333528,0.113624682,0.484763286,3.097841187,0.383988189,0.282183303,851.1932721,-0.045520108
1,0.014775051,0.098761903,0.481448967,3.140948331,0.484076934,0.370759605,851.425144,0.015555812
1,-0.028242873,0.105544303,0.488517546,3.201177022,0.413693435,0.308237365,851.0951237,-0.02628581
1,-0.010886767,0.100672216,0.488228379,3.243508978,0.455326717,0.348029037,850.9857525,-0.009821231
1,0.013844633,0.094702163,0.489902055,3.281323861,0.489792047,0.396109931,851.1641914,0.014669419
1,0.020005076,0.092076846,0.495662081,3.33268827,0.515205879,0.404524651,851.4102289,0.020968758
1,-0.006794643,0.095778291,0.501880148,3.381246135,0.447701246,0.401104809,851.3368071,-0.005839751
1,0.004252043,0.092473871,0.504334749,3.425640918,0.471300704,0.429473161,851.3803069,0.005048828
1,-0.001931779,0.092446427,0.508041178,3.469329077,0.449259771,0.424943777,851.3604192,-0.001077604
1,-0.009250272,0.092606633,0.511076242,3.514111274,0.431339254,0.422985178,851.2721744,-0.008242864
1,-0.009738316,0.091630722,0.513014317,3.554963105,0.426530592,0.429415095,851.1779877,-0.008718989
1,-0.013962673,0.091389613,0.514807662,3.594216093,0.410733158,0.411861759,851.0405396,-0.012795564
1,-0.053547707,0.097505025,0.516246211,3.636915135,0.313231719,0.392663267,850.4058702,-0.049337309
1,-0.130895127,0.110910737,0.512208361,3.682716107,0.228412202,0.24901979,848.3779193,-0.112903396
1,-0.214372701,0.126256668,0.491909216,3.720326432,0.171870857,0.143975012,845.6437173,-0.173186196
1,-0.190527848,0.120699756,0.462346704,3.720848652,0.19935606,0.171754003,842.6071173,-0.156318955
1,-0.231223469,0.127969492,0.429614186,3.735158812,0.1340441,0.170437806,840.1985243,-0.18479464
1,-0.179066088,0.116975353,0.403427137,3.73124821,0.230036014,0.196484391,838.2984285,-0.149234562
1,-0.206647153,0.121729075,0.382601748,3.745697469,0.175235419,0.200492291,836.1089805,-0.168392854
1,-0.22225375,0.124300004,0.358440709,3.751704617,0.128259821,0.206228072,834.0376128,-0.17912385
1,-0.372033067,0.156107436,0.335611088,3.752795971,0.112180942,0.033922896,829.406898,-0.266472041
1,-0.355392312,0.1536373,0.289321412,3.68732441,0.129751618,0.055035613,824.6519225,-0.257330853
1,-0.357742038,0.155288001,0.241639404,3.631028827,0.108002411,0.063592328,821.2251711,-0.259789509
1,-0.467430571,0.182364451,0.2078133,3.592776093,0.106191444,0.075002225,816.843243,-0.314299974
1,-0.517627925,0.197747062,0.170341929,3.520848633,0.10114493,0.067226886,803.5867644,-0.329642281
1,-0.448952559,0.18882713,0.067449078,3.314418216,0.144110036,0.126358641,795.9810117,-0.302649762
1,-0.43746964,0.18962644,0.004216523,3.234310489,0.140501275,0.148228519,789.9190969,-0.298396724
1,-0.408881737,0.18489758,-0.045952242,3.182075213,0.205697858,0.186018095,784.7608703,-0.284945828
1,-0.460689817,0.200846827,-0.089973584,3.150107909,0.091624643,0.155011554,779.9339691,-0.310575005
1,-0.450631355,0.200691153,-0.127013141,3.113796522,0.108942325,0.171364494,775.2484069,-0.305888249
1,-0.493600275,0.215310364,-0.163278666,3.084604491,0.088580778,0.198205714,771.6254715,-0.326764578
1,-0.486932049,0.215754743,-0.188654153,3.0590398,0.08744643,0.208468679,768.3895429,-0.324069348
1,-0.577393637,0.245123651,-0.211436422,3.038947234,0.083582665,0.073852289,761.7601625,-0.359982792
1,-0.697825169,0.291183723,-0.249214166,2.987590458,0.061244601,0.07688812,753.2315313,-0.403832376
1,-0.698099503,0.303020069,-0.283697747,2.915179998,0.058307456,0.095873444,746.8477666,-0.405569487
1,-0.939895435,0.407006502,-0.309545893,2.868738057,0.051002982,0.047696866,732.5298116,-0.473977592
1,-0.854586807,0.403301949,-0.331615891,2.760431051,0.087167468,0.085785266,719.067805,-0.450223942
1,-0.818348145,0.414223234,-0.370479382,2.685599624,0.084997383,0.108533042,711.0002266,-0.443324536
1,-0.877051586,0.457952739,-0.397761709,2.652350905,0.045785443,0.130906472,702.7475285,-0.460512491
1,-0.827763395,0.451546317,-0.421817847,2.621927141,0.070044213,0.147199055,696.646185,-0.447601967
1,-0.677285793,0.390561593,-0.443088131,2.605776923,0.183219055,0.209159118,690.1958039,-0.397683626
1,-0.816621732,0.468326418,-0.476043652,2.603746541,0.066696409,0.18673702,682.8429065,-0.443090122
1,-0.777717196,0.462444149,-0.503079912,2.594617518,0.088678371,0.202930333,676.7900864,-0.431929496
1,-0.831277028,0.502399812,-0.527915214,2.593063168,0.041029728,0.196504945,671.8060364,-0.44937396
1,-0.753665316,0.470247927,-0.545814474,2.59154246,0.101928044,0.227209641,667.6131268,-0.425645864
1,-0.683306928,0.439947225,-0.564241881,2.595296988,0.237467863,0.238467431,663.6904676,-0.401857078
1,-0.66592297,0.436298566,-0.584353749,2.604042698,0.244890474,0.259662476,656.2915776,-0.39238386
1,-0.591833791,0.407246626,-0.624010228,2.62722982,0.268202535,0.292643748,652.169126,-0.367205025
1,-0.527458367,0.378737839,-0.6493517,2.648119004,0.300531288,0.258724189,647.8118937,-0.340263817
1,-0.327148665,0.288211114,-0.679565032,2.679237401,0.372493546,0.132135594,641.6092847,-0.238468799
3,-0.313420147,0.280582022,-0.741112896,2.781832665,0.358829414,0.163964232,635.9709883,-0.231109295
3,-0.285828231,0.26703712,-0.798800564,2.886966149,0.42435861,0.203366235,633.1996733,-0.218077749
3,-0.20612197,0.233763991,-0.828965127,2.947154609,0.451491822,0.244850529,630.877506,-0.166989725
3,-0.245345908,0.246627369,-0.859076946,3.020284187,0.426223483,0.24444471,628.52182,-0.193169916
3,-0.262197382,0.25156664,-0.887375545,3.084591399,0.419003686,0.24717275,626.3090518,-0.204119745
3,-0.211792042,0.230623774,-0.91306888,3.142235052,0.448303916,0.288445408,624.5392535,-0.171590832
1,-0.103789188,0.189916306,-0.936337493,3.201087816,0.579288723,0.189088902,623.2583086,-0.091240219
1,-0.05695969,0.171253839,-0.960437549,3.284559517,0.585917317,0.159398931,622.4141191,-0.051641175
1,-0.037956005,0.161490453,-0.982630332,3.380367631,0.596676455,0.138141429,621.8779427,-0.034762876
1,-0.008585577,0.149145929,-1.001004926,3.47029916,0.631723797,0.149058035,621.7776084,-0.007358259
1,0.021956118,0.137481102,-1.012550433,3.543190814,0.639643993,0.14830701,622.0403297,0.023032002
1,0.116835064,0.109924601,-1.018688916,3.605533631,0.681071027,0.12812662,624.4289095,0.129075919
1,-0.018419793,0.141384218,-0.998598205,3.644847779,0.574595289,0.20919374,623.9017439,-0.016308688
1,0.049526825,0.117737742,-1.028870541,3.827592786,0.639465018,0.22663712,624.7206363,0.051762588
1,0.025965136,0.120326625,-1.030271785,3.906006558,0.626114159,0.24886628,625.0576977,0.027094951
1,0.069766535,0.107349641,-1.036287099,3.981804384,0.664115336,0.240106976,625.8799926,0.074642016
1,0.078844659,0.103225308,-1.033118774,4.030922187,0.669743376,0.241027576,626.8252243,0.085024133
1,0.053259846,0.106921755,-1.027903045,4.076261618,0.63769944,0.28408106,627.5031694,0.056142452
1,0.055781324,0.104121987,-1.027736208,4.139294706,0.643667172,0.298651844,628.2638324,0.058831898
1,0.070472736,0.098675355,-1.026857453,4.205520587,0.670977441,0.289894274,629.0823295,0.075459494
1,0.194172949,0.072757541,-1.022987232,4.255747267,0.782385125,0.143931378,631.0510202,0.238292555
1,0.187998249,0.072952277,-0.996166979,4.219913844,0.762443181,0.166555134,634.7668565,0.225501362
1,0.212717449,0.066864737,-0.945874461,4.161849605,0.796280793,0.164984528,638.2423148,0.264515546
1,0.18709304,0.070037343,-0.897641341,4.081609969,0.766873224,0.187799819,641.5170385,0.225053578
1,0.142453277,0.076264767,-0.853213961,4.03309542,0.688226859,0.253012631,645.534453,0.159989429
1,0.131867449,0.075018283,-0.80293925,4.045354963,0.673673469,0.284751176,647.6133025,0.149335295
1,0.128276771,0.073928197,-0.777255295,4.061120857,0.659828228,0.299446764,649.570503,0.14481771
1,0.093675871,0.078155957,-0.752891986,4.079668917,0.644503234,0.326814485,650.8253567,0.102312421
1,0.035288043,0.086746103,-0.739443558,4.121200312,0.544110337,0.285245826,651.4943354,0.036527435
1,0.04544253,0.082430708,-0.739410141,4.225741524,0.585390178,0.332823479,652.2216481,0.047451077
1,0.101842942,0.071169582,-0.736441392,4.3100266,0.667322663,0.373688197,653.6059473,0.112095007
1,0.10107929,0.069844003,-0.719780608,4.347885328,0.669551243,0.388807228,655.3746096,0.110514004
1,0.067043949,0.073277396,-0.698180621,4.398089738,0.593209957,0.366873948,656.2695388,0.071443424
1,0.064845772,0.07212328,-0.6897965,4.459177301,0.5816991,0.37850037,657.1069748,0.06900877
1,0.01185164,0.078933357,-0.681945472,4.52064255,0.454093942,0.378495397,657.2414645,0.012759491
1,0.041295808,0.072982979,-0.685691898,4.598102742,0.570555223,0.409556455,657.719293,0.043322396
1,0.040093615,0.071869126,-0.683425629,4.665467987,0.562567681,0.41781934,658.0991601,0.042163242
1,0.064052423,0.067312049,-0.681660427,4.722980822,0.611017569,0.417154021,658.7152064,0.068465795
1,0.042906718,0.069346502,-0.675486889,4.771614915,0.577722849,0.423342522,659.1039491,0.045226966
1,-0.029087612,0.079035845,-0.673172946,4.826781771,0.379557853,0.375071336,658.780043,-0.026837018
1,-0.134498224,0.094462585,-0.684584559,4.917288456,0.28674307,0.17332277,656.5777515,-0.114741267
1,-0.099286818,0.087233483,-0.723955029,5.042326169,0.318703401,0.223947989,654.9952379,-0.087247147
1,-0.125978031,0.089791514,-0.756467979,5.175864701,0.300679257,0.210907042,653.5706409,-0.109079647
1,-0.126999484,0.088892925,-0.783304086,5.268609287,0.269950483,0.221723025,652.5603323,-0.110452427
1,-0.154203435,0.092472286,-0.802334317,5.334453796,0.255825411,0.239597456,651.1045291,-0.130821489
1,-0.27389486,0.11174374,-0.827130058,5.407182752,0.188534172,0.147956257,647.3960451,-0.209732768
1,-0.153625815,0.091843621,-0.866986274,5.446606259,0.264204144,0.28447956,645.3822494,-0.129600075
1,-0.163285439,0.092331789,-0.902036942,5.553937723,0.249729266,0.263417304,643.6227221,-0.137151111
1,-0.12687783,0.085903854,-0.93179061,5.641152978,0.324693707,0.278334883,642.3261337,-0.109911487
1,-0.120487758,0.084034162,-0.957354923,5.735378694,0.336601066,0.290794315,641.1267415,-0.104960824
1,-0.100573858,0.080209066,-0.98184266,5.830083598,0.400140907,0.322220626,640.2085497,-0.089153621
1,-0.051797877,0.072454212,-1.002919624,5.922651074,0.457012697,0.35512075,639.7135675,-0.047550801
1,-0.091685242,0.076985509,-1.019122508,6.023121404,0.402352518,0.336766833,638.7954948,-0.081746849
1,-0.064528643,0.072295652,-1.041462941,6.128513291,0.4434421,0.342662295,638.1586456,-0.058732052
1,-0.067849815,0.071766768,-1.060248409,6.235482579,0.436885971,0.36450925,637.5630838,-0.061714654
1,-0.072385842,0.071509585,-1.077722444,6.333296367,0.409046074,0.36793118,636.853967,-0.065521813
1,-0.079578885,0.071515398,-1.098059197,6.444480261,0.394439753,0.376228785,636.2370829,-0.07188977
1,-0.095936935,0.072957005,-1.114855837,6.532610375,0.323778485,0.368994483,635.5661067,-0.085663563
1,-0.216441496,0.089118567,-1.13153608,6.612244096,0.181835595,0.226950214,632.688496,-0.17337198
1,-0.196926892,0.085990959,-1.169184352,6.698309399,0.209259663,0.299139989,630.4068585,-0.160651851
1,-0.274632304,0.097021745,-1.20264621,6.789661676,0.126079499,0.172949346,627.1678211,-0.21061582
1,-0.322056231,0.104852809,-1.230969273,6.820239814,0.096185913,0.164652508,622.8760423,-0.237634648
1,-0.206842367,0.088484859,-1.254388152,6.8058774,0.20357872,0.279876801,619.4935659,-0.166021733
1,-0.277476749,0.098545158,-1.301608779,6.937989875,0.118565983,0.230248214,616.3638039,-0.212424816
1,-0.251343073,0.09499234,-1.327518919,6.972962132,0.163186581,0.254505178,614.5323227,-0.1976535
1,-0.251848547,0.095149761,-1.34617866,7.011279692,0.16094678,0.264733353,612.8355721,-0.198153145
1,-0.197161893,0.087090007,-1.363270553,7.047069451,0.240044652,0.31108917,611.14092,-0.161520959
1,-0.149923981,0.08003825,-1.388264114,7.126314994,0.334195563,0.397469928,609.5829351,-0.127265737
1,-0.151828234,0.079567182,-1.419060869,7.25004548,0.3098754,0.397486973,608.0882355,-0.128805631
