TradeDate,Price,MarketCap,ExchangeVol,TotalVol,exchange
2015/8/9,1.33075,80339475,368070,60371576.18,276588.39
2015/8/10,0.687585709,41556309.21,400464.0745,60438006,582420.5903
2015/8/11,1.067378879,64539006.31,1518998.205,60464946,1423110.608
2015/8/12,1.256613175,76013261.05,2073893.345,60490581,1650383.257
2015/8/13,1.825395446,110468836.2,4380142.704,60517756,2399558.251
2015/8/14,1.825974891,110555313.3,4355618.379,60545911,2385365.977
2015/8/15,1.670949669,101215246.4,2519633.271,60573486,1507904.946
2015/8/16,1.476607254,89480939.24,3032657.656,60599011,2053801.136
2015/8/17,1.203871431,87313387.95,1880092.215,72527170,1561705.151
2015/8/18,1.281393052,92957858.06,1696013.472,72544375,1323570.055
2015/8/19,1.252738652,90920695.87,1537200.841,72577545,1227072.254
2015/8/20,1.484195074,107749185.8,2967730.502,72597725,1999555.553
2015/8/21,1.406314774,102131022.8,1742881.808,72623160,1239325.534
2015/8/22,1.380721536,100308763.8,914588.654,72649525,662399.0647
2015/8/23,1.3551821,98488001.44,1610695.873,72675105,1188545.711
2015/8/24,1.246571683,90625948.32,696476.5553,72700150,558713.6021
2015/8/25,1.160828328,84423109.08,1053169.386,72726610,907256.7929
2015/8/26,1.119639156,81454879.47,1151700.042,72751010,1028635.017
2015/8/27,1.133690694,82504022.82,681460.2394,72774720,601098.9091
2015/8/28,1.188895699,86549490.63,715178.7899,72798220,601548.8074
2015/8/29,1.174343905,85515599.87,607200.8915,72819895,517055.4289
2015/8/30,1.32235088,96321049.69,1045589.321,72840765,790704.9005
2015/8/31,1.353368417,98608290.54,1197102.049,72861380,884535.2337
2015/9/1,1.350786689,98446826.49,610368.2431,72881105,451861.3102
2015/9/2,1.278810765,93224371.26,629746.1193,72899270,492446.6829
2015/9/3,1.26277072,92075482.63,583923.7452,72915440,462414.7012
2015/9/4,1.2695201,92596631.55,333502.6612,72938295,262699.7881
2015/9/5,1.334976229,97402782.62,350815.4669,72962185,262787.8005
2015/9/6,1.298883134,94801706.71,317470.0943,72987095,244417.7509
2015/9/7,1.25622344,91718481.32,487005.2028,73011280,387674.0294
2015/9/8,1.236033261,90274690.4,419148.8018,73035810,339108.0281
2015/9/9,1.206529945,88150718.67,367774.3319,73061360,304819.8956
2015/9/10,1.167234841,85308945.82,639527.9175,73086360,547899.9555
2015/9/11,0.976509093,71394234.95,1901710.695,73111695,1947458.256
2015/9/12,1.038203585,75931677.01,800623.2998,73137560,771162.1414
2015/9/13,0.93865215,68673818.8,658895.196,73162160,701958.863
2015/9/14,0.874022962,63965969.21,739213.7259,73185685,845760.075
2015/9/15,0.941823186,68951445.23,725816.4711,73210605,770650.4595
2015/9/16,0.90321992,66147947.58,629370.0849,73235705,696807.1352
2015/9/17,0.883078729,64693831.08,910704.9512,73259415,1031283.986
2015/9/18,0.846070919,62003275.12,478606.3969,73283780,565681.1813
2015/9/19,0.8821038,64666306.23,387803.6167,73309180,439634.9009
2015/9/20,0.936327761,68666556.12,514836.1086,73336025,549846.0369
2015/9/21,0.901092879,66105164.81,429253.5043,73361100,476369.8774
2015/9/22,0.897142265,65835322.78,485738.9554,73383370,541429.1293
2015/9/23,0.894047522,65633959.75,204065.4059,73412160,228248.9475
2015/9/24,0.816037308,59927327.71,818263.0682,73436995,1002727.523
2015/9/25,0.7405193,54400658.25,901151.619,73462850,1216918.477
2015/9/26,0.777801499,57158415.44,379124.1859,73487150,487430.5159
2015/9/27,0.721358423,53028193.82,408380.639,73511575,566127.2205
2015/9/28,0.583057005,42874816.97,1214056.212,73534520,2082225.583
2015/9/29,0.65783249,48389042.9,936630.3296,73558305,1423812.815
2015/9/30,0.734763054,54065419.51,640217.6226,73582115,871325.2784
2015/10/1,0.68581219,50481342.53,588839.7815,73608115,858602.0927
2015/10/2,0.676221734,49792779.29,220969.485,73633805,326770.7527
2015/10/3,0.687475758,50638684.02,163820.8535,73658865,238293.2803
2015/10/4,0.667546858,49187272.35,104370.4507,73683625,156349.2502
2015/10/5,0.628255074,46307572.65,221647.2071,73708235,352798.117
2015/10/6,0.645657762,47605896.39,268523.0379,73732400,415890.6679
2015/10/7,0.610012697,44984157.19,216715.5068,73742985,355263.9279
2015/10/8,0.623483302,45977519.8,310876.1441,73742985,498611.8202
2015/10/9,0.650768765,47989631.25,379233.122,73742985,582746.3492
2015/10/10,0.629794942,46490996.55,145554.9381,73819260,231114.8096
2015/10/11,0.637043981,47026115.24,87074.79962,73819260,136685.6955
2015/10/12,0.628787282,46416611.84,108895.5292,73819260,173183.4156
2015/10/13,0.602627272,44485499.3,297117.0771,73819260,493036.228
2015/10/14,0.517689436,38272635.02,944847.8047,73929720,1825124.754
2015/10/15,0.561499004,41527413.54,376563.0715,73958125,670638.8948
2015/10/16,0.53314802,39443831.32,247071.2472,73982890,463419.6094
2015/10/17,0.549028309,40632190.62,317377.7618,74007460,578071.7617
2015/10/18,0.518444547,38382124.42,133661.6705,74033230,257812.8582
2015/10/19,0.487067298,36070935.31,240250.3766,74057395,493259.0991
2015/10/20,0.432978599,32076052.63,352361.0619,74082305,813807.109
2015/10/21,0.439768974,32590298.01,599041.0132,74107770,1362172.069
2015/10/22,0.565461507,41918540.78,979304.0724,74131555,1731866.909
2015/10/23,0.540737767,40100107.01,866798.4889,74158140,1602992.322
2015/10/24,0.568573769,42179070.76,259157.6624,74183990,455803.0576
2015/10/25,0.631938809,46895926.26,476617.7386,74209600,754215.0155
2015/10/26,0.74395791,55226993.79,1174026.819,74234030,1578082.312
2015/10/27,0.85445525,63451496.57,1887568.906,74259590,2209090.419
2015/10/28,1.010409721,75057962.81,2447633.798,74284680,2422417.112
2015/10/29,1.163748636,86478981.55,2236842.21,74310705,1922100.822
2015/10/30,1.041849055,77447839.43,2384549.998,74336910,2288767.251
2015/10/31,0.907091628,67453442.48,652271.5873,74362325,719080.1537
2015/11/1,1.058541941,78742733.25,603996.199,74387920,570592.6006
2015/11/2,0.95504586,71066352.06,970665.6783,74411455,1016355.045
2015/11/3,1.002344803,74613449.56,1878273.011,74438905,1873879.134
2015/11/4,0.901808661,67152505.55,3218064.881,74464250,3568456.392
2015/11/5,0.906601137,67532501.1,1202885.38,74489760,1326807.712
2015/11/6,0.909442199,67767390.1,913629.1697,74515335,1004603.889
2015/11/7,0.922482091,68761146.28,904631.87,74539275,980649.7913
2015/11/8,1.030499514,76839299.32,1040086.755,74565100,1009303.489
2015/11/9,0.995802985,74277547.08,1972521.387,74590605,1980834.981
2015/11/10,0.934834222,69753492.14,865031.5412,74615895,925331.4875
2015/11/11,0.788761177,58873875.71,1243322.753,74640940,1576298.111
2015/11/12,0.900742067,67254888.2,826829.6689,74666090,917942.771
2015/11/13,0.904081558,67527257.41,545086.2659,74691555,602917.1385
2015/11/14,0.884228905,66066714.49,361586.116,74716755,408928.1791
2015/11/15,0.910825548,68078325.79,432023.4078,74743540,474320.6959
2015/11/16,0.933840784,69812830.41,616346.9299,74758815,660012.8635
2015/11/17,0.995273358,74440734.3,1128249.545,74794260,1133607.703
2015/11/18,0.99442858,74402718.75,687203.3331,74819570,691053.4823
2015/11/19,0.951471289,71212297.76,434385.4815,74844400,456540.819
2015/11/20,0.926803119,69388368.58,606560.3384,74868510,654465.1458
2015/11/21,0.973572434,72914368.8,454926.919,74893625,467275.8832
2015/11/22,0.964738532,72276339.25,371962.8833,74918060,385558.2326
2015/11/23,0.945220336,70839197.82,437126.3943,74944640,462459.786
2015/11/24,0.899361135,67424299.4,354914.0862,74969105,394629.1121
2015/11/25,0.867707092,65072847.33,708867.1777,74994025,816942.9341
2015/11/26,0.894874771,67132055.61,959696.4719,75018380,1072436.617
2015/11/27,0.8707128,65341845.39,398595.4996,75044085,457780.6822
2015/11/28,0.917398775,68868768.29,465064.9387,75069610,506938.696
2015/11/29,0.871744954,65463342.97,436939.1302,75094605,501223.584
2015/11/30,0.873600932,65624853.97,775372.5406,75119945,887559.1957
2015/12/1,0.875003998,65752486.03,643109.8579,75145355,734979.3365
2015/12/2,0.822733781,61844779.03,494205.8928,75169855,600687.4936
2015/12/3,0.824765189,62018808.09,541681.1369,75195715,656770.1258
2015/12/4,0.838790951,63094325.08,241947.4944,75220560,288447.9072
2015/12/5,0.86458373,65056337.64,226084.4107,75245850,261495.102
2015/12/6,0.834992487,62850264.42,429681.2895,75270455,514593.0008
2015/12/7,0.800750284,60292476.61,494657.618,75294980,617742.6694
2015/12/8,0.818852709,61675859.11,435966.8088,75319845,532411.7561
2015/12/9,0.791829348,59661067.18,627128.926,75345865,792000.104
2015/12/10,0.847442242,63872552.28,374543.0059,75370980,441968.7707
2015/12/11,0.916738942,69119370.63,765839.8738,75397005,835395.813
2015/12/12,0.97125831,73250296.07,1385279.044,75417935,1426272.527
2015/12/13,0.958303174,72302484.28,279257.6104,75448445,291408.4164
2015/12/14,0.995489835,75133022.4,562723.386,75473420,565272.8599
2015/12/15,1.0170637,76787012.6,573171.6205,75498725,563555.2822
2015/12/16,0.988912442,74686005.23,207316.9873,75523375,209641.3985
2015/12/17,0.940228325,71033582.41,641112.3505,75549290,681868.7902
2015/12/18,0.921171783,69616990.99,297866.3971,75574385,323355.9718
2015/12/19,0.909632917,68767429.85,333313.4238,75599100,366426.2996
2015/12/20,0.903231643,68305705.25,467489.5933,75623685,517574.4195
2015/12/21,0.896806287,67842615.39,543846.3978,75649130,606425.7194
2015/12/22,0.878959313,66514758.19,468144.5604,75674445,532612.3217
2015/12/23,0.867565455,65674405.65,333657.8603,75699655,384590.9935
2015/12/24,0.861363016,65226512,353090.3404,75724765,409920.4793
2015/12/25,0.870718344,65957619.84,169208.7605,75750810,194332.3713
2015/12/26,0.853017865,64637552.4,424123.0967,75775145,497203.0647
2015/12/27,0.858887087,65104495.78,208247.2187,75800995,242461.6947
2015/12/28,0.842169613,63858382.55,228592.5876,75826035,271432.9561
2015/12/29,0.869487811,65951485.16,211396.5675,75850960,243127.6952
2015/12/30,0.900354302,68315404.55,584414.4706,75876135,649093.8837
2015/12/31,0.936539968,71083912.7,668846.0704,75900565,714167.14
2016/1/1,0.946313343,71849843.67,202032.1334,75926060,213493.9076
2016/1/2,0.938126162,71252107.97,252880.2353,75951520,269558.8776
2016/1/3,0.972196976,73864483.22,402755.9084,75976870,414273.9777
2016/1/4,0.959297835,72909192.01,341506.8214,76002665,355996.656
2016/1/5,0.953102241,72462361.88,217443.2381,76027900,228142.6155
2016/1/6,0.968434012,73650960.93,328507.1524,76051605,339214.8028
2016/1/7,0.95897678,72931723.31,642269.5176,76051605,669744.5976
2016/1/8,0.995574781,75767382.44,554403.4018,76104160,556867.6632
2016/1/9,1.024780968,78016544.33,254045.6291,76129970,247902.3684
2016/1/10,1.019965856,77676004.65,404315.935,76155495,396401.4409
2016/1/11,1.068726621,81416101.64,1025253.038,76180475,959322.0734
2016/1/12,1.167362901,88958959.9,2962550.395,76205060,2537814.413
2016/1/13,1.129588346,86108971.48,1003321.36,76230400,888218.5829
2016/1/14,1.157377553,88257219.96,731050.8484,76256205,631644.2258
2016/1/15,1.210735463,92329493.83,4049516.212,76259015,3344674.651
2016/1/16,1.215691295,92765190.35,2377737.143,76306535,1955872.476
2016/1/17,1.321855712,100866229.1,1176009.007,76306535,889665.1853
2016/1/18,1.398301127,106770205,4073710.12,76357090,2913328.21
2016/1/19,1.376990019,105177492.6,1684557.291,76382175,1223362.02
2016/1/20,1.565411905,119608403.9,2899771.051,76406985,1852401.302
2016/1/21,1.544691862,118064297.8,1670627.322,76432265,1081527.885
2016/1/22,1.471341823,112494896.7,1585027.992,76457350,1077267
2016/1/23,1.692156285,129390552.7,2212028.797,76464895,1307224.88
2016/1/24,2.131691495,163090024.7,9578400.619,76507330,4493333.412
2016/1/25,2.481396086,189898537.8,10884776.21,76528910,4386553.308
2016/1/26,2.086782727,159744115.1,11669540.23,76550430,5592120.387
2016/1/27,2.384501159,182534589,7048626.219,76550430,2956017.108
2016/1/28,2.519719735,193030853.2,5043090.698,76608065,2001449.061
2016/1/29,2.486203232,190524391.8,6527897.662,76632670,2625649.254
2016/1/30,2.437601274,186862759.7,3674090.398,76658460,1507256.514
2016/1/31,2.298766557,176275775.7,5834817.707,76682765,2538238.469
2016/2/1,2.221883059,170434539.3,3991411.341,76707250,1796409.278
2016/2/2,2.403111855,184396131.6,3602402.308,76732230,1499057.275
2016/2/3,2.515949933,193120920.4,4030697.339,76758650,1602057.849
2016/2/4,2.557178944,196350197.9,3532651.02,76783910,1381464.144
2016/2/5,2.532878565,194548161,2640353.615,76809115,1042431.979
2016/2/6,2.517776369,193450250.5,1924574.718,76833770,764394.6228
2016/2/7,2.950776113,226795324.2,7099203.552,76859550,2405876.719
2016/2/8,3.165335694,243366581.6,9781404.737,76884920,3090163.472
2016/2/9,3.720453287,286139281,16355217.95,76909790,4396028.303
2016/2/10,4.427431438,340624194.2,29316397.61,76934945,6621536.216
2016/2/11,6.005000308,462140079.8,28752968.92,76959210,4788171.098
2016/2/12,5.475649284,421542668.5,9902598.244,76984965,1808479.274
2016/2/13,5.373284922,413798928.6,25637385.48,77010420,4771268.573
2016/2/14,5.169512436,398234915.5,11552061.71,77035295,2234652.079
2016/2/15,5.319058286,409885035.8,13786358.78,77059700,2591879.622
2016/2/16,4.368970122,336781865.3,15444552.59,77084955,3535055.667
2016/2/17,3.744022471,288700599.3,14847989.05,77109740,3965785.239
2016/2/18,4.397939042,339233532.7,17707643.87,77134660,4026350.457
2016/2/19,4.493895383,346746765.7,7215680.132,77159510,1605662.686
2016/2/20,4.301875678,332040532.3,8703306.941,77185060,2023142.367
2016/2/21,4.653970273,359334417.7,6458218.233,77210295,1387679.305
2016/2/22,5.608714258,433193897.2,15140246.89,77235865,2699414.909
2016/2/23,5.61209144,433593972.8,13534870.66,77260675,2411733.808
2016/2/24,6.134381259,474102955.5,11396482.66,77286190,1857804.753
2016/2/25,5.936257433,458942242.8,20614025.81,77311715,3472562.645
2016/2/26,5.897351626,456082096.9,9515283.257,77336765,1613484.13
2016/2/27,6.357091762,491795616.5,8967228.052,77361730,1410586.537
2016/2/28,6.440650849,498424354,9683081.006,77387265,1503432.065
2016/2/29,6.312028458,488620056.2,7546069.554,77410940,1195506.263
2016/3/1,7.56015705,585403826.4,20945587.17,77432760,2770522.759
2016/3/2,8.398318163,650547162.2,29743237.91,77461600,3541570.745
2016/3/3,9.504937043,736507630.9,40441406.85,77486850,4254779.034
2016/3/4,10.03776475,778040245.1,35604151.85,77511305,3547019.953
2016/3/5,10.93519774,847886363.8,54303350.01,77537360,4965923.004
2016/3/6,10.96466178,850440219.9,41487265.46,77561920,3783725.052
2016/3/7,9.397469869,729122199.5,31891736.92,77587075,3393651.415
2016/3/8,9.800690787,760648959.2,26473661.6,77611770,2701203.637
2016/3/9,11.97157976,929438076.3,28637679.64,77637045,2392138.733
2016/3/10,11.20642297,870327228.7,26154096.47,77663250,2333848.77
2016/3/11,11.20893669,870802676,21083465.44,77688250,1880951.425
2016/3/12,13.37620667,1039511436,49863322.39,77713470,3727762.558
2016/3/13,14.89359978,1157819809,41625885.68,77739420,2794884.131
2016/3/14,12.28982461,955721344.4,56738456.43,77765255,4616701.884
2016/3/15,12.96689767,1008754618,30654519.11,77794600,2364059.615
2016/3/16,12.52943315,975104638.1,23016882.43,77825120,1837025.04
2016/3/17,10.95623221,856001603.2,41222397.15,78129195,3762461.069
2016/3/18,10.79765034,843946887.9,56331932.5,78160235,5217054.704
2016/3/19,10.43953587,816289545.7,26241552.22,78192130,2513670.392
2016/3/20,10.21749097,799245003.4,17365910.96,78223216,1699625.77
2016/3/21,11.85112269,927407651,28692538.04,78254835,2421081.849
2016/3/22,11.31742768,886765230.1,19752147.76,78353956,1745285.971
2016/3/23,12.40319151,972225642.3,19194415.66,78385119,1547538.442
2016/3/24,11.12762219,872598276.4,25440037.39,78417317,2286206.07
2016/3/25,10.64069143,834753145.1,13369781.43,78449145,1256476.754
2016/3/26,10.96552244,860590847.1,9099233,78481518,829803.8739
2016/3/27,10.37751682,814770808.1,16296116.83,78513080,1570329.118
2016/3/28,11.67625154,917099302.5,23146182.98,78543983,1982329.937
2016/3/29,11.73817083,922332031.7,17227685.67,78575448,1467663.567
2016/3/30,11.88228676,934038009,18966041.62,78607597,1596160.908
2016/3/31,11.35463054,892916961.6,14483801.49,78639015,1275585.449
2016/4/1,11.6360718,915415691.5,11085851.67,78670509,952714.2717
2016/4/2,11.56397763,910108352.6,8250251.461,78702016,713444.0869
2016/4/3,11.51238012,906254482.5,6190954.954,78719993,537764.9877
2016/4/4,11.18688124,881135506.2,8612716.039,78765072,769894.2944
2016/4/5,10.41948469,821026031.5,19160809.11,78797182,1838940.186
2016/4/6,10.66622342,840796803.8,16326497.51,78827976,1530672.748
2016/4/7,10.0295684,790923841,12647730.14,78859210,1261044.308
2016/4/8,9.758944911,769898368.5,14041839.9,78891558,1438868.651
2016/4/9,9.899719595,781106339.1,12961939.64,78901865,1309323.917
2016/4/10,8.814617176,695943784.2,42148632,78953376,4781674.707
2016/4/11,8.668292119,684660770.9,14850316.57,78984506,1713176.756
2016/4/12,7.516812234,593949307.4,22286939.44,79016116,2964945.611
2016/4/13,8.015604593,633611436,30653780.44,79047242,3824263.046
2016/4/14,8.433656021,666925784.5,13178565.12,79079083,1562615.915
2016/4/15,8.206137459,649194329,11510142.23,79110828,1402626.057
2016/4/16,8.555981967,677141041.3,9164981.892,79142411,1071178.262
2016/4/17,9.323170276,738147546.4,23406128.93,79173449,2510533.245
2016/4/18,8.960482405,709720474.8,20650475.77,79205610,2304616.519
2016/4/19,8.696773039,689106961.9,11931697.81,79237087,1371968.402
2016/4/20,8.484150723,672532358,14929127.4,79269261,1759649.008
2016/4/21,8.111040745,643204549.6,12241737,79299879,1509268.34
2016/4/22,7.855106665,623163882.7,12838519.62,79332326,1634416.968
2016/4/23,8.377192624,664843804.3,14263735.84,79363557,1702686.864
2016/4/24,7.995361207,634792414.6,10251449.9,79395089,1282174.705
2016/4/25,7.812751656,620380381.5,9849771.906,79406131,1260730.193
2016/4/26,7.424663266,589953549.1,17588527.34,79458627,2368932.665
2016/4/27,7.72469455,614038719.8,18898653.06,79490356,2446524.317
2016/4/28,7.250216005,576551379.9,10503191.4,79521959,1448672.894
2016/4/29,7.47581761,594731702.5,8232651.036,79554068,1101237.546
2016/4/30,8.892970092,707751631.3,36023474.61,79585518,4050781.037
2016/5/1,8.832454373,703213705.3,16329848.83,79617021,1848846.101
2016/5/2,10.10782117,805073117.8,40531647.26,79648532,4009929.2
2016/5/3,9.285335811,739862094.3,20068196.22,79680704,2161278.453
2016/5/4,9.414136136,750420702.3,16758119.37,79712115,1780101.661
2016/5/5,9.827130178,783653892.6,17630163.28,79743921,1794029.687
2016/5/6,9.277042147,740079043,20206557.48,79775324,2178125.006
2016/5/7,9.381202894,748684467.9,10242971.6,79806873,1091861.216
2016/5/8,9.529202062,760794311.5,14850766.42,79838197,1558448.055
2016/5/9,9.353276546,747045608.4,10349090.13,79869937,1106466.817
2016/5/10,9.350283704,747107780.4,8837274.152,79902151,945134.333
2016/5/11,9.98130292,797843002.3,14650764.26,79933753,1467820.822
2016/5/12,10.09149229,806976736.5,22804335.07,79966046,2259758.459
2016/5/13,10.58566158,846829870.6,27489270.97,79997822,2596840.147
2016/5/14,10.17609857,814388813,18055946.18,80029572,1774348.593
2016/5/15,9.960446893,797447113.7,8453161.312,80061379,848672.8962
2016/5/16,11.13364598,891725938.7,27963225.28,80092895,2511596.411
2016/5/17,12.15713716,974091672.7,36364157.81,80125087,2991177.72
2016/5/18,13.35361431,1070392165,62651459.73,80157487,4691723.025
2016/5/19,14.71832476,1180254102,53477909.08,80189432,3633423.637
2016/5/20,13.69368343,1098527826,48337340.57,80221500,3529900.543
2016/5/21,13.99924844,1123480271,24426995.17,80252899,1744879.039
2016/5/22,14.24898607,1143985931,17413663.62,80285427,1222098.438
2016/5/23,13.2350366,1063005899,21271913.58,80317564,1607242.52
2016/5/24,12.66434299,1017513902,41166028.01,80344784,3250545.886
2016/5/25,12.50426453,1005116816,25364775.56,80381922,2028490
2016/5/26,12.49835341,1005043803,19032556.07,80414097,1522805.08
2016/5/27,11.19174476,900334792.4,53491048.64,80446330,4779509.343
2016/5/28,11.76324561,946689008.5,44051409.77,80478555,3744834.651
2016/5/29,12.38905214,997114649.2,26254518.55,80483530,2119170.882
2016/5/30,12.67843107,1021153612,13289827.48,80542585,1048223.349
2016/5/31,14.00927376,1128785732,39491270.92,80574179,2818937.769
2016/6/1,13.85793783,1117038106,20161807.32,80606373,1454892.32
2016/6/2,13.77433887,1110747962,9543717.947,80638931,692862.1429
2016/6/3,13.84273588,1116709699,21310804.98,80671170,1539493.722
2016/6/4,13.69739426,1105420836,14233023.49,80703002,1039104.462
2016/6/5,13.97052907,1127904559,9908484.139,80734563,709241.8683
2016/6/6,13.94200555,1126059079,7633717.195,80767367,547533.6506
2016/6/7,14.54921695,1175566661,19688483.52,80799308,1353233.208
2016/6/8,14.43177555,1166543235,14566862.12,80831581,1009360.357
2016/6/9,14.44062374,1167724057,6538415.617,80863824,452779.3075
2016/6/10,13.94373393,1127971789,9751904.434,80894529,699375.3956
2016/6/11,13.96046097,1129771063,9986576.469,80926487,715347.1859
2016/6/12,15.69700727,1270814828,34155133.26,80959052,2175900.965
2016/6/13,17.55275029,1421627594,33190471.73,80991729,1890898.644
2016/6/14,18.77037437,1520848129,57195562.17,81023857,3047118.882
2016/6/15,18.42185369,1493198807,16794245.39,81055839,911647.9629
2016/6/16,20.50940041,1663058590,33609803.06,81087626,1638751.128
2016/6/17,15.39739782,1249053417,176008430.1,81121072,11431050.37
2016/6/18,11.19713667,908703581.4,121410542.5,81154996,10842999.07
2016/6/19,12.23058703,992977658,68987538.97,81188062,5640574.635
2016/6/20,11.81483452,959600009.1,79924563.2,81219928,6764763.659
2016/6/21,12.98459788,1055028896,73815982.1,81252335,5684887.802
2016/6/22,12.73775621,1035382450,157698817,81284524,12380423.55
2016/6/23,13.676479,1112128273,35210083.61,81316856,2574499.154
2016/6/24,13.9418969,1134160919,42975326.33,81349111,3082459.054
2016/6/25,14.27628772,1161808478,13474760.65,81380293,943856.058
2016/6/26,13.84502996,1127161866,12716765.34,81412743,918507.6072
2016/6/27,13.93254349,1134738652,9026418.665,81445190,647865.8166
2016/6/28,12.29566056,1001816707,38649828.67,81477258,3143371.475
2016/6/29,12.8004961,1043352936,24102058.67,81508789,1882900.356
2016/6/30,13.3356267,1087390815,25109656.27,81540286,1882900.357
2016/7/1,12.32964596,1005775063,16090108.05,81573718,1304993.517
2016/7/2,12.0179825,980549295.6,12572639.31,81590175,1046152.24
2016/7/3,11.82516103,965373887.5,8919743.271,81637272,754302.0555
2016/7/4,11.42173873,932812328.2,10816581.46,81669906,947017.0624
2016/7/5,10.5408605,861199508.1,40761274.6,81701063,3866977.9
2016/7/6,10.51055994,859068161.5,16042852.43,81733815,1526355.639
2016/7/7,10.09893127,825747093.1,13787778.17,81765790,1365271.017
2016/7/8,11.39547875,932118254.1,17821594.5,81797200,1563918.014
2016/7/9,10.99572235,899784687.8,14035737.81,81830430,1276472.556
2016/7/10,10.95729434,896985032.1,4559501.886,81861909,416115.6709
2016/7/11,10.51545171,861156597.7,11938095.54,81894399,1135290.796
2016/7/12,10.60619361,868920981.1,8944484.246,81925808,843326.5104
2016/7/13,10.48905469,859665552.2,6087112.236,81958344,580329.9168
2016/7/14,11.24297096,921808085.7,13698700.02,81989724,1218423.499
2016/7/15,11.32509705,928901844.3,13798764.39,82021535,1218423.5
2016/7/16,11.70171602,960169025.2,10138776.97,82053694,866435.0556
2016/7/17,11.31478741,928781022.9,20447413.6,82085592,1807140.767
2016/7/18,11.02255634,905150788.2,13898138.25,82118046,1260881.58
2016/7/19,11.58250142,951503951.3,20242192.24,82150126,1747652.904
2016/7/20,12.15278827,998549464.8,29894784.28,82166285,2459911.554
2016/7/21,12.60591713,1036388808,24473811.51,82214471,1941454.26
2016/7/22,14.31987737,1177755541,72391413.22,82246203,5055309.578
2016/7/23,14.38972534,1183972888,72744516.35,82279047,5055309.579
2016/7/24,12.80385181,1053890907,71639748.4,82310458,5595171.63
2016/7/25,13.81663068,1137688271,33694267.53,82341947,2438674.689
2016/7/26,11.77164176,969670072.7,76432695,82373393,6492951.158
2016/7/27,12.9663334,1068505615,48754958.64,82406150,3760119.159
2016/7/28,12.88314961,1062067696,19481593.53,82438513,1512176.302
2016/7/29,12.84003764,1058924003,10125341.28,82470475,788575.6696
2016/7/30,12.54708178,1035160533,8150653.893,82502095,649605.5446
2016/7/31,11.86840841,979546057,20238765.45,82533902,1705263.65
2016/8/1,10.96839785,905616046.1,17147499.53,82565937,1563354.992
2016/8/2,8.352592748,689901283.2,60708724.34,82597261,7268249.054
2016/8/3,10.22174782,844612892.3,44330639.68,82629009,4336894.283
2016/8/4,11.03216022,911931922.1,29307740.66,82661229,2656573.153
2016/8/5,10.94001411,904674489.4,10956639.35,82694088,1001519.673
2016/8/6,10.89863635,901592852.5,11692994.42,82725290,1072886.006
2016/8/7,10.92030806,903742755.8,11883004.41,82757991,1088156.519
2016/8/8,11.24580512,931042241.5,10967961.76,82790181,975293.6
2016/8/9,12.19121871,1009705614,29672733.52,82822369,2433943.171
2016/8/10,12.1412228,1005960651,23499542.87,82854970,1935516.979
2016/8/11,11.98814019,993657811,24164966.87,82886736,2015739.43
2016/8/12,11.97372013,992852191.9,24135899.78,82919275,2015739.429
2016/8/13,11.57747267,960366408.5,6655535.198,82951300,574869.4372
2016/8/14,11.25990352,934377927.9,7543085.399,82982765,669906.7524
2016/8/15,11.23080705,932326143.3,5064027.898,83015062,450905.0753
2016/8/16,10.25082245,851307063.5,5249879.805,83047684,512142.3018
2016/8/17,10.73534634,891887550.2,5256928.972,83079532,489684.1523
2016/8/18,10.72421681,891315247,4567012.374,83112386,425859.7579
2016/8/19,10.71834472,891164434.8,3192133.227,83143849,297819.6084
2016/8/20,11.26275448,936793411.7,5076175.104,83176226,450704.5868
2016/8/21,11.15404431,928118646.5,3197471.331,83209159,286664.7507
2016/8/22,11.06137739,920760944.8,4831490.758,83241075,436789.2522
2016/8/23,11.01254308,917054933.5,4721007.823,83273675,428693.6985
2016/8/24,11.01381199,917509231.7,3221362.082,83305329,292483.8453
2016/8/25,11.33912744,944980815,6231804.81,83338054,549584.1583
2016/8/26,11.25681266,938479976.3,4403460.385,83369956,391181.813
2016/8/27,11.14950759,929893628.9,1903199.561,83402215,170698.082
2016/8/28,10.91304108,910522226.9,4055631.7,83434326,371631.6717
2016/8/29,10.90629059,910306587.9,5810173.644,83466196,532736.0019
2016/8/30,11.21087731,936081383,5550355.265,83497603,495086.612
2016/8/31,11.49662475,960315422.3,7446354.073,83530205,647699.1495
2016/9/1,12.00287748,1002979070,19546439.79,83561552,1628479.489
2016/9/2,12.0910428,1010736311,7683911.542,83593808,635504.4531
2016/9/3,11.79758522,986576697.7,10099601.67,83625308,856073.6356
2016/9/4,11.66257954,975664137.5,5035842.952,83657662,431794.9502
2016/9/5,11.75189748,983510024.4,3788155.073,83689466,322344.1218
2016/9/6,11.68475544,978261092.6,4815696.85,83721144,412135.0143
2016/9/7,11.55002542,967355053.6,4664621.634,83753500,403862.4561
2016/9/8,11.33639873,949823761.6,7944145.033,83785317,700764.4334
2016/9/9,11.63011682,974812003.6,3826059.408,83817903,328978.5879
2016/9/10,12.11783086,1016072617,4731455.713,83849381,390454.0151
2016/9/11,11.59605625,972702164.3,6472336.881,83882153,558149.8349
2016/9/12,11.84714198,994145301.6,4554653.825,83914357,384451.6958
2016/9/13,11.88172946,997422104.4,6637362.777,83945869,558619.2481
2016/9/14,11.91200801,1000350301,3846492.756,83978310,322908.8457
2016/9/15,11.90147841,999855875.9,4500681.3,84011065,378161.5313
2016/9/16,12.52236928,1052421113,14494427.65,84043290,1157482.847
2016/9/17,12.6845428,1066458048,6237001.347,84075403,491700.9186
2016/9/18,12.36905214,1040236011,18914756.79,84099897,1529200.183
2016/9/19,13.16016806,1107285960,11627825.02,84139196,883562.0462
2016/9/20,14.30804658,1204332733,28747263.94,84171709,2009167.623
2016/9/21,13.7051798,1154027780,25166170.47,84203768,1836252.485
2016/9/22,13.23380274,1114753106,23902556.17,84235282,1806174.434
2016/9/23,13.31899332,1122387372,7256064.667,84269685,544790.773
2016/9/24,12.85960577,1084102059,7988975.036,84302900,621245.7193
2016/9/25,13.04559864,1100233097,4488914.611,84337494,344094.1834
2016/9/26,12.8187464,1081499008,5602575.391,84368547,437061.0991
2016/9/27,13.0747268,1103562692,5399539.835,84404264,412975.3468
2016/9/28,13.31398944,1124190331,6516563.112,84436775,489452.3269
2016/9/29,13.09665701,1106268658,4241372.339,84469545,323851.5245
2016/9/30,13.19481816,1114978390,4568583.276,84501232,346240.7152
2016/10/1,13.26982722,1121767153,4727545.881,84535174,356262.806
2016/10/2,13.19790993,1116158963,2764266.959,84570888,209447.3272
2016/10/3,13.47060009,1139675568,5821790.035,84604662,432184.9061
2016/10/4,13.26196221,1122448916,6702196.698,84636715,505369.9137
2016/10/5,13.05665085,1105495725,6285719.065,84669165,481418.944
2016/10/6,12.82612846,1086400169,9120081.098,84702112,711054.8695
2016/10/7,12.65567928,1072424202,6504030.817,84738573,513921.906
2016/10/8,12.17587496,1032213087,8853947.553,84775270,727171.3599
2016/10/9,12.02951923,1020207839,5440893.662,84808696,452295.188
2016/10/10,11.83783209,1004236336,9479462.929,84832791,800776.9376
2016/10/11,11.75026727,997294452.4,8989864.764,84874193,765077.4708
2016/10/12,11.85468766,1006549794,7565516.582,84907323,638187.7616
2016/10/13,11.96064221,1015964124,6550532.314,84942272,547673.9626
2016/10/14,11.91608947,1012567916,3393733.081,84974850,284802.5847
2016/10/15,11.94460517,1015379674,3047472.234,85007387,255133.7772
2016/10/16,11.93031339,1014551966,2051473.398,85039842,171954.6948
2016/10/17,11.9749844,1018744183,4329663.894,85072694,361559.0425
2016/10/18,12.50951126,1064628048,14699505.27,85105487,1175066.313
2016/10/19,11.97380616,1019440134,7727576.68,85139188,645373.4574
2016/10/20,12.01652208,1023487873,4811381.152,85173386,400397.1465
2016/10/21,12.09057597,1030182193,2496841.179,85205386,206511.3511
2016/10/22,12.04503828,1026687902,3995386.224,85237413,331703.9042
2016/10/23,11.93380041,1017581342,2843471.079,85268842,238270.3733
2016/10/24,11.89053545,1014274172,2417942.61,85300967,203350.1872
2016/10/25,11.27271153,961902672.7,13528339.24,85330195,1200096.286
2016/10/26,11.49725737,981270911.3,6113958.131,85348260,531775.356
2016/10/27,11.4566734,978335224.2,8682323.138,85394354,757839.8052
2016/10/28,11.52358438,984269328.4,8907341.459,85413470,772966.22
2016/10/29,10.33681968,883346994.5,21618613.51,85456361,2091418.268
2016/10/30,11.18655716,956201948.7,12714282.57,85477769,1136567.971
2016/10/31,10.8807026,930359100.2,9254943.7,85505425,850583.2794
2016/11/1,10.79218738,923284106.1,17471506.38,85551156,1618903.172
2016/11/2,10.7835854,922879134.3,7632829.944,85581845,707819.3069
2016/11/3,10.8116301,925622888.1,11623516.37,85613629,1075093.789
2016/11/4,11.12999566,953223436.3,5924309.345,85644547,532283.1676
2016/11/5,11.06605826,948094434.5,3076392.295,85675894,278002.5392
2016/11/6,10.92076284,935993553,3218494.77,85707708,294713.3655
2016/11/7,10.87420083,932357915.6,2949427.103,85740362,271231.6196
2016/11/8,10.8901055,934033643.9,4085085.336,85769017,375118.9863
2016/11/9,10.66491816,915091038.3,12761164.95,85803850,1196555.356
2016/11/10,10.51928139,902927283.2,2902119.123,85835453,275885.6822
2016/11/11,10.29308735,883831055.8,4630773.471,85866468,449891.5936
2016/11/12,9.664325241,830154646.5,7585168.214,85898873,784862.6805
2016/11/13,10.11071946,868826185.3,7517444.686,85931193,743512.3401
2016/11/14,9.991652804,858907304.3,2576156.68,85962485,257830.8845
2016/11/15,10.20008386,877146449.8,4844767.74,85994043,474973.3244
2016/11/16,10.02536762,862443066.9,7762025.467,86026079,774238.4879
2016/11/17,9.963977985,857469645,5552737.539,86056959,557281.193
2016/11/18,9.453697368,813868305.4,8802335.675,86089947,931099.7943
2016/11/19,9.667305807,832570726.9,3851758.817,86122312,398431.4652
2016/11/20,9.530496491,821098057.2,4110666.002,86154804,431317.0889
2016/11/21,9.575907933,825310560.9,2465979.656,86186142,257519.1484
2016/11/22,9.812491502,846010291.5,9216379.378,86217684,939249.6672
2016/11/23,9.753493133,841238275.5,3470748.247,86249948,355846.69
2016/11/24,9.180997416,792161484.5,13786747.08,86282726,1501661.144
2016/11/25,9.335116894,805772134.2,6006996.216,86316234,643483.7704
2016/11/26,9.288306187,802029049.7,2161817.279,86348257,232746.1257
2016/11/27,8.907402683,769442732.5,6689742.925,86382390,751031.8286
2016/11/28,8.708452467,752553451.4,4477356.374,86416439,514139.1528
2016/11/29,8.158494316,705297428,13917166.75,86449460,1705849.905
2016/11/30,8.650154047,748071852.9,9134285.157,86480755,1055967.918
2016/12/1,8.439785439,730151014.2,4918051.799,86512983,582722.373
2016/12/2,7.637917965,661018149.2,15380798.55,86544285,2013742.308
2016/12/3,7.892622837,683319039.1,10486224.2,86576928,1328610.833
2016/12/4,7.46913219,646883448.7,6571191.49,86607578,879779.782
2016/12/5,6.815609222,590496504.2,15221226.68,86638844,2233289.231
2016/12/6,7.631916157,661467705.6,56439748.77,86671249,7395226.521
2016/12/7,8.135077983,705334665.7,25080911.32,86702877,3083057.27
2016/12/8,8.302596338,720121915.7,12722352.04,86734545,1532334.167
2016/12/9,8.504900485,737938568.3,10533790.23,86766279,1238555.377
2016/12/10,8.098585501,702944255.7,5983385.689,86798399,738818.6108
2016/12/11,8.214985823,713308213,4100522.259,86830121,499151.4711
2016/12/12,8.472511709,735934880.9,6987403.012,86861477,824714.471
2016/12/13,8.351007262,725643347.5,2905152.217,86892913,347880.4563
2016/12/14,8.207853104,713465177,3686497.058,86924701,449142.67
2016/12/15,7.77035797,675681120.3,8295155.059,86956241,1067538.341
2016/12/16,7.796626832,678214580.9,2694314.913,86988206,345574.4351
2016/12/17,7.820282701,680519827.6,5469007.786,87019850,699336.3277
2016/12/18,7.856185613,683897439.9,3489317.42,87052098,444149.0555
2016/12/19,7.592236165,661159386.3,3326290.39,87083617,438117.3501
2016/12/20,7.623783721,664148518.6,3764440.223,87115341,493775.8416
2016/12/21,7.856099401,684634858.1,6468951.581,87146919,823430.4648
2016/12/22,7.575643744,660427962.8,12618111.16,87177801,1665615.7
2016/12/23,7.201805732,628063010.7,14660852.23,87209102,2035718.926
2016/12/24,7.222762848,630117081.1,5396882.27,87240450,747204.6893
2016/12/25,7.213234159,629516509.3,6089953.449,87272435,844275.0249
2016/12/26,7.268475378,634564176.1,4090569.333,87303615,562782.3058
2016/12/27,7.171806594,626352253.4,6649186.116,87335352,927128.4758
2016/12/28,7.613307736,665151773.3,13844753.34,87366989,1818493.856
2016/12/29,8.172329057,714246947.4,20692130.79,87398212,2531974.746
2016/12/30,8.153786527,712888825.7,7751538.432,87430401,950667.3257
2016/12/31,8.010852235,700638437.1,3754739.209,87461161,468706.5869
2017/1/1,8.064789989,705615194.8,7811699.126,87493313,968617.7987
2017/1/2,8.361286161,731817457.5,8192075.242,87524508,979762.5729
2017/1/3,9.626792385,842886495.4,24617090.48,87556318,2557143.594
2017/1/4,10.97225285,961038889.8,30283873.09,87588110,2760041.489
2017/1/5,10.11525424,886296492.9,31832239.06,87619794,3146953.928
2017/1/6,10.1546583,890067630.6,23015612.49,87651165,2266507.824
2017/1/7,9.824278869,861427362.6,15178458.28,87683521,1544994.649
2017/1/8,10.2678367,900645822.1,9726315.158,87715246,947260.4057
2017/1/9,10.28595597,902556769.3,18147872.43,87746513,1764335.03
2017/1/10,10.52365071,923748369.4,8483903.665,87778319,806174.9576
2017/1/11,9.661693874,848391822.2,15650725.64,87809843,1619873.89
2017/1/12,9.667158942,849172696,10113120.41,87840978,1046131.596
2017/1/13,9.650805119,848042631.1,7919565.412,87872734,820611.8883
2017/1/14,9.695262752,852254946.2,4879177.658,87904265,503253.7831
2017/1/15,9.785923386,860534322.7,4332221.111,87935935,442699.2671
2017/1/16,9.521283917,837562733.6,5886593.491,87967415,618256.2711
2017/1/17,10.2584583,902735897.6,14660002.94,87999178,1429064.925
2017/1/18,10.12553774,891354114.9,8053530.98,88030299,795368.2251
2017/1/19,10.38530617,914555495.3,6357101.909,88062449,612124.6504
2017/1/20,10.54996056,929384722.9,7935034.034,88093668,752138.7392
2017/1/21,10.87263399,958152131.9,8840650.536,88125116,813110.2863
2017/1/22,10.74535605,947279384.8,5158451.375,88157096,480063.327
2017/1/23,10.7510244,948113651.5,5620391.167,88188215,522777.2683
2017/1/24,10.39908725,917408215.4,5709572.008,88220071,549045.4951
2017/1/25,10.47167123,924140034,5749423.917,88251437,549045.4953
2017/1/26,10.55525588,931851533.5,6557326.851,88283178,621238.0757
2017/1/27,10.50997909,928178829.6,5497367.839,88314051,523061.7294
2017/1/28,10.55496295,932486646.1,5053699.381,88345800,478798.4008
2017/1/29,10.4304426,921810453.4,3291646.734,88376926,315580.7342
2017/1/30,10.5704113,934513900.7,5394044.156,88408471,510296.5252
2017/1/31,10.67729802,944300621.6,8686038.922,88440036,813505.3368
2017/2/1,10.70098942,946733901.5,9511590.154,88471623,888851.4679
2017/2/2,10.81046109,956759156.5,6770261.661,88503085,626269.4629
2017/2/3,10.93768558,968360894.2,8348606.142,88534351,763288.182
2017/2/4,11.33331586,1003747586,10294011.75,88566100,908296.5548
2017/2/5,11.24223884,996031546.1,3675287.631,88597259,326917.7682
2017/2/6,11.29401613,1000976622,4068555.062,88628935,360239.8841
2017/2/7,11.43316744,1013517743,4749524.532,88647153,415416.3365
2017/2/8,11.33515301,1005343886,6195998.767,88692573,546618.0087
2017/2/9,10.91496395,968413072.7,13014114.53,88723433,1192318.599
2017/2/10,11.27564064,1000774841,8465560.863,88755475,750783.138
2017/2/11,11.39912537,1012095683,5365544.877,88787135,470697.9442
2017/2/12,11.35416456,1008457061,4159375.255,88818253,366330.3657
2017/2/13,11.28194702,1002404862,4407682.63,88850343,390684.5709
2017/2/14,12.97214505,1152983308,31343305.13,88881469,2416200.637
2017/2/15,12.93471601,1150065646,12601119.25,88913096,974209.1933
2017/2/16,12.8359688,1141695360,10436344.69,88945009,813054.6944
2017/2/17,12.70348385,1130310857,7412007.524,88976447,583462.5849
2017/2/18,12.81628533,1140747285,5979769.378,89007638,466575.8622
2017/2/19,12.7754456,1137511956,5083526.064,89038926,397913.7968
2017/2/20,12.75022377,1135537849,6982638.937,89060229,547648.3443
2017/2/21,12.73614094,1134283629,12724890.25,89060229,999116.6327
2017/2/22,12.60029641,1122185283,6874100.082,89060229,545550.6647
2017/2/23,13.15516546,1171602048,8909149.883,89060229,677235.8668
2017/2/24,13.07187123,1165941515,13610109.54,89194691,1041175.307
2017/2/25,13.54693861,1208749237,12468242.9,89226745,920373.4703
2017/2/26,14.54767619,1298504264,13782004.35,89258535,947368.0999
2017/2/27,15.35869036,1371373070,20501520.19,89289714,1334848.201
2017/2/28,15.70278123,1402597199,43441932.37,89321578,2766511.979
2017/3/1,17.16802971,1534004366,26801192.63,89352383,1561110.569
2017/3/2,18.99358179,1697730102,63520413.51,89384410,3344309.368
2017/3/3,19.58574948,1751276477,63619640.04,89415852,3248261.707
2017/3/4,18.63867345,1667171877,17012295.24,89446917,912741.7402
2017/3/5,19.24736466,1722225376,16685230.68,89478503,866883.9072
2017/3/6,19.67070561,1760717955,19157704.33,89509649,973920.5451
2017/3/7,18.82733332,1685811626,22162502.62,89540648,1177145.071
2017/3/8,16.74974358,1500309874,25853719.8,89572110,1543529.289
2017/3/9,17.63212882,1579882452,19983777.62,89602479,1133372.937
2017/3/10,19.26359043,1726669640,57671666.86,89633843,2993817.122
2017/3/11,21.39641323,1918511339,49677899.62,89665091,2321786.324
2017/3/12,23.09884796,2071872696,49928738.78,89695932,2161525.062
2017/3/13,28.4460652,2552384188,171741714,89727144,6037450.621
2017/3/14,28.53666459,2561402787,70373909.66,89758310,2466087.424
2017/3/15,34.19736421,3070584068,116848018.8,89790080,3416872.075
2017/3/16,39.86185607,3580085215,278693085.3,89812306,6991472.871
2017/3/17,44.06729599,3959577513,334923528.9,89852972,7600274.112
2017/3/18,32.26798527,2900403758,151727339.7,89884873,4702101.431
2017/3/19,44.0887975,3964282981,151889492.8,89915879,3445081.323
2017/3/20,41.86369288,3765537572,100344408.2,89947573,2396931.596
2017/3/21,42.47845801,3822148614,59182511.96,89978516,1393235.883
2017/3/22,41.26261254,3714048002,66568697.13,90010006,1613293.319
2017/3/23,43.27492998,3896515677,64280704.83,90040947,1485402.862
2017/3/24,50.89479144,4584161759,186199954.7,90071334,3658526.726
2017/3/25,50.67896649,4566322356,161617494.5,90102910,3189044.799
2017/3/26,50.04945421,4511139438,85306682.68,90133639,1704447.811
2017/3/27,49.0171138,4419631301,72421320.03,90165066,1477470.1
2017/3/28,50.25954286,4533191635,63445924.96,90195640,1262365.739
2017/3/29,52.84379426,4767901725,94092094.51,90226332,1780570.374
2017/3/30,52.31317521,4721666246,51703487.39,90257688,988345.4251
2017/3/31,49.96466728,4511239009,93559373.29,90288583,1872510.684
2017/4/1,50.42578761,4554446900,57319943.04,90319797,1136718.845
2017/4/3,43.57923996,3938736158,107658222.9,90381020,2470401.572
2017/4/4,41.79779505,3779040762,94009509.91,90412443,2249149.98
2017/4/5,45.59029505,4123329712,77394936.34,90443146,1697618.676
2017/4/6,42.97852521,3888436554,83596063.25,90473941,1945065.887
2017/4/7,42.40137666,3837553640,45710556.43,90505402,1078044.159
2017/4/8,44.50128439,4028965747,47830509.43,90535943,1074811.887
2017/4/9,44.19076107,4001279550,23843828.24,90545613,539565.9107
2017/4/10,43.90534129,3977660681,30011146.71,90596282,683542.0436
2017/4/11,43.85889484,3974803440,24362779.83,90627077,555480.9331
2017/4/12,46.19788349,4188162263,64060330.39,90657016,1386650.763
2017/4/13,49.75033757,4511719460,105834573.1,90687213,2127313.668
2017/4/14,47.56205172,4314764267,57312861.71,90718632,1205012.392
2017/4/15,49.12279341,4457826106,44031479.43,90748628,896355.3653
2017/4/16,48.70871928,4421737498,18940687.57,90779178,388856.2017
2017/4/17,48.34641781,4390331578,29334200.22,90809863,606750.2319
2017/4/18,50.75917082,4610962773,46490458.15,90839994,915902.632
2017/4/19,48.15949632,4376229929,49801919.05,90869512,1034103.819
2017/4/20,50.06525365,4550946376,51865276.23,90900296,1035953.53
2017/4/21,48.80173571,4437559543,29790338.03,90930363,610436.0346
2017/4/22,49.07987065,4464325598,25473890.08,90960419,519029.2831
2017/4/23,50.60871348,4604950658,29345869.99,90991261,579858.0516
2017/4/24,51.09741864,4650945909,41775081.58,91021152,817557.5732
2017/4/25,50.97375547,4641256267,29265025.37,91051880,574119.468
2017/4/26,54.87817857,4998350382,90529456.77,91080836,1649643.977
2017/4/27,63.95735376,5827188143,186806133.1,91110526,2920792.092
2017/4/28,73.01096292,6654236245,270510184.7,91140234,3705062.553
2017/4/29,70.45153825,6423030319,126594019.3,91169483,1796895.035
2017/4/30,79.80255394,7277893964,173218958.2,91198760,2170594.168
2017/5/1,76.8461778,7010408300,290126273,91226506,3775415.789
2017/5/2,77.34604387,7058413637,138794895.5,91257591,1794466.641
2017/5/3,80.92949158,7387794150,115183975.1,91286798,1423263.298
2017/5/4,94.1122652,8594013017,269928948.8,91316610,2868159.089
2017/5/5,91.16038714,8327157235,233798440.2,91346225,2564693.367
2017/5/6,96.42767965,8811175463,95042529.83,91375998,985635.3505
2017/5/7,89.73967948,8202729259,109489063.9,91405823,1220074.158
2017/5/8,87.94812005,8041549109,166178760.5,91435145,1889508.956
2017/5/9,87.50244391,8003377431,258922158.3,91464616,2959027.734
2017/5/10,88.41058887,8089058133,109313275.9,91494223,1236427.416
2017/5/11,88.45664874,8095903577,94641972.77,91523969,1069924.919
2017/5/12,88.18109149,8073353519,90420897.82,91554248,1025400.075
2017/5/13,89.13893168,8163626647,59897616.44,91583178,671957.9797
2017/5/14,90.05504056,8250106526,48280690.88,91611824,536124.2478
2017/5/15,90.5041316,8293823327,118176219,91640273,1305754.963
2017/5/16,87.09148558,7983587476,96955301.32,91668978,1113258.095
2017/5/17,88.21316751,8088870648,116563051.5,91696862,1321379.277
2017/5/18,96.62584623,8862576244,148398962.7,91720555,1535810.226
2017/5/19,122.162783,11208881845,380753404.3,91753655,3116770.877
2017/5/20,123.0282031,11291783022,211606741,91782069,1719985.627
2017/5/21,148.6573205,13648265758,362117265.2,91810250,2435919.496
2017/5/22,153.9900638,14142415430,733476989,91839792,4763144.913
2017/5/23,171.0800283,15715507206,314107904.8,91860560,1836029.067
2017/5/24,190.4258132,17498667475,465231566.9,91892308,2443111.882
2017/5/25,176.8178151,16254143683,455310601.9,91925939,2575026.739
2017/5/26,162.9444864,14983523257,320845434.5,91954773,1969047.506
2017/5/27,159.0552476,14630471573,524489553.9,91983583,3297530.649
2017/5/28,172.3406699,15857470558,275566686.9,92012353,1598964.928
2017/5/29,196.0785933,18047458437,317142762.9,92041962,1617426.755
2017/5/30,230.7983714,21249999565,820279582.2,92071705,3554096.059
2017/5/31,231.3721267,21309492258,649753307.3,92100516,2808260.946
2017/6/1,221.8280712,20436692118,438784642.5,92128521,1978039.299
2017/6/2,224.3167055,20671991234,226780300.7,92155380,1010982.665
2017/6/3,225.3975944,20777803232,199543169.9,92182897,885294.1418
2017/6/4,247.4275411,22815254965,405540899.4,92209844,1639028.936
2017/6/5,248.9301252,22960811913,233840017.3,92237980,939380.1458
2017/6/6,266.1397081,24555497266,421823672.8,92265440,1584970.825
2017/6/7,256.2189234,23647279712,231988781.9,92293260,905431.8815
2017/6/8,260.3415097,24034963008,181079369.6,92320902,695545.5156
2017/6/9,280.333548,25888383498,268066730,92348503,956242.062
2017/6/10,337.7921755,31204109903,801852630.5,92376651,2373804.631
2017/6/11,341.0796489,31517336371,636143278.2,92404623,1865087.173
2017/6/12,398.4307851,36827986612,1421483466,92432583,3567704.904
2017/6/13,389.9448222,36054646089,735420495.2,92460892,1885960.406
2017/6/14,347.7813577,32166013291,564686366.7,92489182,1623682.104
2017/6/15,346.3690699,32045187613,1019438927,92517463,2943215.823
2017/6/16,358.2845169,33157744081,404203523.1,92545847,1128163.524
2017/6/17,372.357011,34470617408,299739757.6,92574106,804979.4921
2017/6/18,359.4387121,33285012839,315402069.4,92602749,877484.9753
2017/6/19,362.0442891,33536649090,255793325.4,92631344,706524.9559
2017/6/20,358.0532311,33172832683,517663237.3,92647768,1445771.724
2017/6/21,327.8909357,30390293651,719062539.4,92684153,2192993.039
2017/6/22,326.959814,30312664724,373363641.6,92710674,1141925.171
2017/6/23,331.9138051,30780636114,217363813.3,92736836,654880.3031
2017/6/24,310.0546284,28761584162,216259454.1,92762957,697488.2304
2017/6/25,288.0470263,26727797729,492617160.3,92789702,1710197
2017/6/26,258.9194627,24031469340,892409899.1,92814457,3446669.825
2017/6/27,280.8130147,26071528057,739337521.9,92843019,2632846.354
2017/6/28,317.2936775,29466974350,735209015.3,92869718,2317124.694
2017/6/29,300.1821526,27885580759,467820573.9,92895532,1558455.657
2017/6/30,284.6910833,26454457715,359285362.5,92923380,1262018.319
2017/7/1,262.4780734,24397386527,364629592,92950189,1389181.151
2017/7/2,286.133607,26603794019,352969409.7,92976824,1233582.498
2017/7/3,278.5971953,25910676122,244798911.4,93004081,878684.0483
2017/7/4,269.7366306,25093983117,239212708.1,93031425,886838.0522
2017/7/5,265.9369455,24747605746,269182917.9,93058171,1012205.797
2017/7/6,267.4697236,24892807780,182999371.3,93067759,684187.2375
2017/7/7,241.4766205,22473685750,257098223.2,93067750,1064691.988
2017/7/8,246.214971,22932342736,237052454.1,93139514,962786.5159
2017/7/9,238.7543185,22243889411,126590931.4,93166438,530214.2059
2017/7/10,210.5281973,19619308390,411832452.5,93190882,1956186.667
2017/7/11,194.3349365,18114890100,628400853.3,93214789,3233596.926
2017/7/12,222.1388562,20711938391,480090644.4,93238701,2161218.675
2017/7/13,206.4132504,19250616800,311100836.3,93262505,1507174.737
2017/7/14,197.9694524,18467839704,282809497,93286310,1428551.191
2017/7/15,171.7774409,16028622413,245487302.9,93310404,1429100.944
2017/7/16,156.4689916,14603949936,594995539.9,93334467,3802641.877
2017/7/17,188.3527773,17584242920,527360935.2,93358023,2799857.495
2017/7/18,228.50328,21338075702,979531260,93381923,4286727.35
2017/7/19,199.5905155,18643050491,769335320.3,93406495,3854568.532
2017/7/20,223.4613484,20878190202,731711069.5,93430879,3274441.306
2017/7/21,217.086474,20287767362,390393974.2,93454774,1798333.94
2017/7/22,231.1435289,21607085358,229970082.8,93479084,994923.3011
2017/7/23,226.7185993,21198900249,204467773.7,93503137,901857.0789
2017/7/24,224.9134071,21035610499,144284203.8,93527597,641510.0178
2017/7/25,206.8105048,19347591149,358021108.6,93552265,1731155.334
2017/7/26,200.3285558,18746083966,291270680.6,93576694,1453964.86
2017/7/27,203.1893218,19018740573,155763232.7,93601083,766591.6266
2017/7/28,192.5856839,18030982561,312701503.7,93625768,1623700.669
2017/7/29,205.5111192,19246182898,420378363.7,93650324,2045526.127
2017/7/30,197.1989635,18472631835,278403491.5,93675096,1411789.832
2017/7/31,203.2871963,19047827949,256040954.7,93699103,1259503.596
2017/8/1,227.0805671,21282137211,794803694.2,93720645,3500095.602
2017/8/2,219.0579293,20534872984,310747315.8,93741747,1418562.281
2017/8/3,224.8679566,21084238670,229219665.9,93762753,1019352.287
2017/8/4,221.6749595,20789568173,203505640.3,93784017,918036.2128
2017/8/5,253.1556661,23747316373,615120367.3,93805194,2429810.783
2017/8/6,263.2220862,24697194959,640103600.5,93826454,2431800.499
2017/8/7,268.496629,25197894464,435385633.8,93848085,1621568.343
2017/8/8,295.1470983,27705377544,678573131.4,93869727,2299101.483
2017/8/9,297.0696048,27892280500,1197172634,93891398,4029939.834
2017/8/10,296.7767241,27871169340,448574816.6,93912922,1511489.211
2017/8/11,306.8264332,28821677185,411643039.5,93934792,1341615.307
2017/8/12,308.6255313,28997352514,485474525.2,93956428,1573021.27
2017/8/13,297.1598027,27926704138,689079789.8,93978741,2318886.281
2017/8/14,296.3972895,27861579962,384478726.8,94000792,1297173.559
2017/8/15,288.4507672,27120920524,526951176.2,94022702,1826832.292
2017/8/16,300.0393294,28217360455,640592817,94045539,2135029.492
2017/8/17,300.5703438,28267299986,641280744.8,94045539,2133546.3
2017/8/18,296.1146354,27861556925,590470398.8,94090442,1994060.165
2017/8/19,296.6220895,27916001533,553702157.3,94113023,1866692.256
2017/8/20,295.1715773,27786029858,342822961.9,94135181,1161436.223
2017/8/21,322.2012201,30337762878,1743909693,94157815,5412486.31
2017/8/22,312.1744706,29400686226,898344262.6,94180303,2877699.323
2017/8/23,316.7889202,29842462532,466474643.5,94202987,1472509.339
2017/8/24,321.7852984,30320399298,397752658.9,94225558,1236080.893
2017/8/25,329.025281,31008765515,451950699.1,94244325,1373604.781
2017/8/26,329.8657826,31031409011,333839327.8,94072834,1012045.945
2017/8/27,343.3413371,32370755160,370052132,94281555,1077796.618
2017/8/28,344.2011314,32458167726,519874393.4,94300003,1510379.676
2017/8/29,366.8095899,34597128017,767166476.1,94319039,2091456.977
2017/8/30,378.9063307,35745271112,852991842.2,94338015,2251194.486
2017/8/31,382.9344508,36132449087,414360266,94356747,1082065.782
2017/9/1,386.343057,36461379832,505643412.8,94375657,1308793.839
2017/9/2,346.3987755,32698140252,958653961.8,94394503,2767486.578
2017/9/3,349.9292404,33037915918,671189521.6,94413133,1918072.125
2017/9/4,299.7173319,28302865424,1278523027,94431861,4265762.74
2017/9/5,318.9728041,30127332538,1099567125,94451101,3447212.774
2017/9/6,333.20633,31478005326,672471698.8,94470010,2018184.045
2017/9/7,329.4156625,31126200677,431394249.7,94489134,1309574.191
2017/9/8,304.4751083,28775477244,660392679.7,94508472,2168954.577
2017/9/9,299.6944445,28329354912,315515992.4,94527461,1052792.263
2017/9/10,292.7796568,27681278352,456818455.1,94546454,1560280.725
2017/9/11,296.4753988,28036287703,363007787.8,94565309,1224411.163
2017/9/12,290.586532,27485022514,583871859.8,94584640,2009287.408
2017/9/13,277.3336579,26236732489,721738885.8,94603492,2602420.821
2017/9/14,214.3117136,20278768202,929861557.1,94622771,4338827.503
2017/9/15,246.9218573,23369190517,1617179859,94642049,6549358.881
2017/9/16,244.8056118,23173710727,586258300.9,94661681,2394791.102
2017/9/17,249.666546,23638636295,336444511.2,94680832,1347575.463
2017/9/18,287.9610957,27269907987,935880977.9,94699973,3250025.757
2017/9/19,280.4456323,26563613423,518505103.9,94719298,1848861.398
2017/9/20,279.4176492,26471592195,322301352,94738440,1153475.283
2017/9/21,257.4650745,24396830727,470196974.1,94757826,1826255.367
2017/9/22,263.4697737,24969981051,343728639.3,94773608,1304622.669
2017/9/23,283.222159,26846246384,365565238.5,94788651,1290736.713
2017/9/24,280.6810447,26609714675,473679365.8,94804103,1687607.249
2017/9/25,288.0857009,27316005856,367147869.5,94819027,1274439.753
2017/9/26,283.9294531,26926232192,240690671.3,94834234,847712.9395
2017/9/27,302.1518454,28658972908,394839374.3,94849571,1306758.11
2017/9/28,294.313838,27919976584,344032408.7,94864641,1168930.455
2017/9/29,288.1145969,27336170625,401420308.3,94879506,1393266.126
2017/9/30,297.2689356,28209139741,234494285.9,94894341,788828.7601
2017/10/1,299.674889,28442001971,208656622.1,94909527,696276.631
2017/10/2,295.8400297,28082506250,228753338.8,94924633,773233.2201
2017/10/3,292.2107207,27742435563,213674545.2,94939828,731234.4485
2017/10/4,293.0357028,27825239443,167895948.3,94955117,572953.8984
2017/10/5,293.7193461,27894664349,166289551.9,94970470,566151.1715
2017/10/6,307.7089806,29227935375,223872523.8,94985643,727546.2788
2017/10/7,309.5982491,29412044194,259031771.5,95000680,836670.6603
2017/10/8,307.0581369,29175396937,195574551.4,95015873,636930.0399
2017/10/9,295.9010451,28119791745,422803467.1,95031066,1428867.772
2017/10/10,299.9170114,28506074217,262661724,95046540,875781.3462
2017/10/11,303.2474665,28827311270,179994094.5,95062002,593555.1468
2017/10/12,302.0199977,28715264953,389123581.4,95077363,1288403.365
2017/10/13,337.9526134,32136884949,1062936137,95092873,3145222.421
2017/10/14,335.3382448,31893398413,384671082.4,95108145,1147113.663
2017/10/15,335.391355,31903683068,513925811.8,95123749,1532316.812
2017/10/16,331.9672147,31583306699,536987705.6,95139837,1617592.587
2017/10/17,317.8982125,30251186909,368660410,95159978,1159680.664
2017/10/18,314.4565542,29930081748,459286354.3,95180340,1460571.733
2017/10/19,308.4746839,29366946307,251750069.6,95200507,816112.5782
2017/10/20,302.3564969,28790749977,270984513,95221205,896241.7404
2017/10/21,300.693846,28638437009,291385148.3,95241181,969042.6065
2017/10/22,295.4882479,28148745034,227830530.5,95261809,771030.7673
2017/10/23,289.4140251,27575920805,357572834.9,95281909,1235506.243
2017/10/24,298.7557343,28472255904,522634263.3,95302793,1749369.814
2017/10/25,298.4839668,28452391050,224745395.6,95323013,752956.3414
2017/10/26,295.7078546,28192911057,175211825.2,95340420,592516.6426
2017/10/27,297.9291297,28411617293,165062612.8,95363677,554033.1453
2017/10/28,296.4649529,28278036785,178675171.4,95384080,602685.6451
2017/10/29,303.7411304,28978234226,400151389.5,95404380,1317409.298
2017/10/30,306.2494615,29223725936,245646777.5,95424579,802113.3369
2017/10/31,303.542117,28971625623,275058601.9,95445159,906162.8897
2017/11/1,292.3305387,27907457659,343876003.9,95465420,1176325.968
2017/11/2,287.0696687,27411044537,727168619.8,95485687,2533073.672
2017/11/3,305.8432727,29209850779,493531953.8,95505945,1613676.016
2017/11/4,299.9549104,28653533860,317726072.1,95526137,1059246.11
2017/11/5,297.5173231,28426818647,250477635.8,95546768,841892.6105
2017/11/6,301.3707946,28801102723,472946830.3,95567000,1569318.722
2017/11/7,295.2351134,28220768686,415882643.8,95587440,1408648.988
2017/11/8,308.9339866,29536454012,755752328.1,95607655,2446323.036
2017/11/9,322.3295205,30823742534,691815366.2,95628047,2146298.5
2017/11/10,301.3549334,28824163917,650505791.3,95648555,2158603.425
2017/11/11,316.258342,30256030132,618676053.6,95668718,1956236.315
2017/11/12,314.1661277,30062176933,1172943695,95688791,3733514.188
2017/11/13,315.3439564,30181430682,783366133.9,95709558,2484164.094
2017/11/14,338.9376274,32446360785,507718197.4,95729592,1497969.409
2017/11/15,334.2869325,32007998529,518053273.6,95750074,1549726.367
2017/11/16,330.0213156,31606240406,540577805.5,95770300,1638008.759
2017/11/17,333.351255,31931961400,408873409.2,95790734,1226554.282
2017/11/18,348.7472155,33413835154,437969175.2,95811045,1255835.619
2017/11/19,353.4357296,33870265876,892315491.4,95831471,2524689.545
2017/11/20,365.786816,35061352162,511630930.9,95851875,1398713.427
2017/11/21,361.0558226,34615252499,667087478.4,95872301,1847602.051
2017/11/22,379.4090573,36382569909,502690893.8,95892729,1324931.19
2017/11/23,412.5576115,39569679448,1357607759,95913100,3290710.73
2017/11/24,475.002015,45568623854,1710984792,95933538,3602057.966
2017/11/25,467.44639,44853255084,1062451149,95953795,2272883.419
2017/11/26,468.9980994,45011721610,848847109.5,95974209,1809915.884
2017/11/27,484.3626242,46496118378,982703878,95994439,2028859.844
2017/11/28,474.1828947,45528555887,640921145.7,96014758,1351632.783
2017/11/29,428.3454433,41136242462,1864835258,96035205,4353577.906
2017/11/30,454.1609815,43624717839,1302713009,96055627,2868394.825
2017/12/1,469.8634796,45142640782,731926955.7,96076079,1557743.871
2017/12/2,469.8570505,45151510929,571377802.8,96096272,1216067.317
2017/12/3,461.8804819,44394413397,513723192.5,96116669,1112242.696
2017/12/4,472.2527355,45400977761,559902818.6,96137035,1185599.948
2017/12/5,467.016663,44907252844,590010796.4,96157710,1263361.338
2017/12/6,448.3282222,43118585011,5911434.142,96176379,13185.50528
2017/12/7,451.8255819,43465282558,968306459.9,96199251,2143097.909
2017/12/8,467.8816626,45019411222,1578944198,96219653,3374665.699
2017/12/9,482.0355189,46391200044,1109058209,96240211,2300781.095
2017/12/10,446.6910581,42998769813,900203443.3,96260646,2015270.794
2017/12/11,509.0008762,49007073663,1035160071,96280922,2033709.802
2017/12/12,661.8413323,63736319680,3691983512,96301510,5578351.384
2017/12/13,709.8831936,68377310761,2717113880,96321918,3827550.651
2017/12/14,704.6218437,67885165268,2551109083,96342692,3620536.47
2017/12/15,693.0970641,66789398252,1942292720,96363701,2802338.692
2017/12/16,702.2446128,67685238861,1323743951,96384134,1885018.307
2017/12/17,728.7004712,70249967413,1297439773,96404449,1780484.334
2017/12/18,798.115404,76958112624,2104028876,96424793,2636246.419
2017/12/19,829.9892018,80048859677,2383800980,96445664,2872086.739
2017/12/20,813.4036023,78466047306,2174389927,96466314,2673199.284
2017/12/21,812.8851591,78432622739,1886649146,96486720,2320929.5
2017/12/22,669.2764923,64585322054,2635463382,96500210,3937779.695
2017/12/23,715.7190683,69087031854,1292257944,96528142,1805537.956
2017/12/24,686.2083089,66252429576,1224218822,96548568,1784033.807
2017/12/25,733.9025459,70871970751,1242520658,96568640,1693032.222
2017/12/26,774.1101981,74770905370,1046697072,96589485,1352129.289
2017/12/27,764.967062,73903417373,910830156.6,96609934,1190678.922
2017/12/28,736.840047,71200955427,1012380621,96630138,1373948.966
2017/12/29,755.3436413,73004412363,1172554374,96650595,1552345.595
2017/12/30,736.9091915,71238101433,1306193222,96671479,1772529.42
2017/12/31,774.6962555,74906560028,1127368142,96691522,1455238.92
2018/1/1,776.0803304,75056629369,1101627636,96712449,1419476.3
2018/1/2,876.8902588,84822222589,2720973272,96730716,3102980.384
2018/1/3,963.0557507,93178531120,2308657206,96752998,2397220.726
2018/1/4,978.4161042,94681149309,2756635496,96769819,2817446.978
2018/1/5,1004.894972,97269228886,2894788529,96795418,2880687.644
2018/1/6,1052.02336,1.02E+11,1824841953,96816289,1734602.122
2018/1/7,1137.654919,1.10E+11,2286423001,96837649,2009768.483
2018/1/8,1184.92393,1.15E+11,4813539670,96857699,4062319.57
2018/1/9,1361.439668,1.32E+11,4248463430,96879038,3120566.801
2018/1/10,1345.587602,1.30E+11,5901388488,96900136,4385733.399
2018/1/11,1181.65141,1.15E+11,3701485303,96921088,3132468.063
2018/1/12,1315.618758,1.28E+11,2569674474,96941691,1953206.017
2018/1/13,1448.180086,1.40E+11,3149029708,96962734,2174473.837
2018/1/14,1410.000215,1.37E+11,2771837301,96983790,1965841.758
2018/1/15,1329.671397,1.29E+11,2438212397,97002127,1833695.455
2018/1/16,1068.600411,1.04E+11,5197858118,97022004,4864173.796
2018/1/17,1022.365213,99216267384,5505023203,97045817,5384595.576
2018/1/18,1036.072313,1.01E+11,3220457431,97066465,3108332.682
2018/1/19,1046.898597,1.02E+11,2067139498,97087106,1974536.506
2018/1/20,1172.917206,1.14E+11,1927757663,97107860,1643558.175
2018/1/21,1053.633202,1.02E+11,1834167990,97127921,1740803.143
2018/1/22,1000.387133,97186332455,2128266202,97148723,2127442.599
2018/1/23,991.6653206,96359326866,2162095341,97169201,2180267.169
2018/1/24,1056.879233,1.03E+11,1871168506,97189787,1770465.771
2018/1/25,1059.315496,1.03E+11,2098100041,97210081,1980618.663
2018/1/26,1048.798906,1.02E+11,2126139932,97230497,2027214.102
2018/1/27,1095.782514,1.07E+11,1592501816,97245437,1453300.993
2018/1/28,1237.324176,1.20E+11,3105991887,97271514,2510249.09
2018/1/29,1169.634257,1.14E+11,2005499365,97292055,1714638.019
2018/1/30,1161.908643,1.13E+11,2006770996,97291493,1727133.203
2018/1/31,1058.096053,1.03E+11,2570454740,97312352,2429320.791
2018/2/1,1106.138172,1.08E+11,2148302757,97332812,1942164.922
2018/2/2,1021.269379,99423764457,3414246408,97353124,3343139.898
2018/2/3,914.6388425,89061856063,4640850229,97373796,5073970.198
2018/2/4,941.8032295,91725607014,1878004124,97393600,1994051.48
2018/2/5,834.8891703,81329819334,1882681774,97413911,2255008.019
2018/2/6,684.3133397,66675677460,2941430689,97434426,4298368.187
2018/2/7,785.7389155,76574516021,5021975964,97455420,6391405.421
2018/2/8,751.8878894,73290929918,2635662719,97475875,3505393.232
2018/2/9,807.8227505,78759712267,2256661883,97496279,2793511.178
2018/2/10,871.3268829,84968804617,1609823406,97516565,1847553.929
2018/2/11,854.3498784,83330877020,1811750053,97537179,2120618.378
2018/2/12,817.2905244,79732678121,1606757571,97557326,1965956.441
2018/2/13,862.7487726,84185155653,1342080235,97577833,1555586.374
2018/2/14,833.7791837,81375375878,1215799276,97598234,1458178.976
2018/2/15,915.076543,89328231141,1659598861,97618316,1813617.531
2018/2/16,928.2935214,90637629786,1674187630,97638977,1803511.057
2018/2/17,934.6767105,91279135809,1274489448,97658511,1363561.79
2018/2/18,964.2765079,94190008583,1331103327,97679460,1380416.63
2018/2/19,915.0920469,89404389580,1443742229,97699887,1577701.646
2018/2/20,928.2902425,90713108253,1113969169,97720631,1200022.491
2018/2/21,902.9690554,88256609941,1376504168,97740459,1524420.089
2018/2/22,809.1296597,79118626282,1249190217,97782383,1543869.023
2018/2/23,812.4468626,79442544254,1255677307,97781834,1545550.072
2018/2/24,864.6697536,84567348658,1553348120,97803061,1796464.041
2018/2/25,828.723399,81068136132,1133793474,97822912,1368120.504
2018/2/26,842.6280248,82445384433,971919367.5,97843155,1153438.218
2018/2/27,863.6502752,84519903485,1273600055,97863575,1474671.046
2018/2/28,869.2632438,85086932065,1185779363,97883964,1364119.985
2018/3/1,846.3652118,82862945951,1088578649,97904480,1286180.757
2018/3/2,855.6787797,83792455743,1046744162,97925130,1223291.014
2018/3/3,850.4429896,83297136124,1065182064,97945585,1252502.61
2018/3/4,844.2552535,82708301724,968839520.3,97965990,1147567.061
2018/3/5,843.7565763,82676499794,921438207.1,97986199,1092066.4
2018/3/6,840.1509955,82340571913,996644678.1,98006873,1186268.52
2018/3/7,808.4491332,79250313700,1163651037,98027582,1439362.094
2018/3/8,752.5931712,73790376422,1517892303,98048161,2016882.907
2018/3/9,699.1898985,68568491974,1253573582,98068482,1792894.298
2018/3/10,710.8916533,69730146644,1559125766,98088290,2193197.457
2018/3/11,684.9343401,67198010841,1019304766,98108690,1488178.802
2018/3/12,713.19533,69985307146,1044019470,98129228,1463861.899
2018/3/13,695.314203,68245214879,1041451579,98150181,1497814.333
2018/3/14,684.6415844,67211282138,914239003.2,98170026,1335354.182
2018/3/15,608.3931488,59738408622,1222860954,98190469,2009984.755
2018/3/16,612.4435397,60148621436,1314501765,98210884,2146323.179
2018/3/17,607.8794875,59712695038,939394446.6,98231140,1545362.964
2018/3/18,560.1094331,55031620530,922526847.9,98251551,1647047.511
2018/3/19,538.6905901,52938616458,2515158737,98272770,4669022.966
2018/3/20,555.0775482,54560292402,1668238270,98293099,3005414.785
2018/3/21,554.209826,54486305510,1363997499,98313496,2461157.192
2018/3/22,561.1465342,55179662650,1242490235,98333785,2214199.25
2018/3/23,537.7059724,52885690223,1029637021,98354292,1914869.973
2018/3/24,538.1090292,52936241666,1024506178,98374565,1903900.738
2018/3/25,519.4855998,51114768973,722258331.1,98394968,1390333.69
2018/3/26,519.3780446,51114766847,654302263.8,98415340,1259780.367
2018/3/27,487.5396121,47991343456,1130010306,98435783,2317781.526
2018/3/28,449.0522525,44211929435,1205007525,98456091,2683446.121
2018/3/29,443.949101,43718505250,899161524.3,98476391,2025370.751
2018/3/30,385.3270957,37953505528,1501135896,98496851,3895744.454
2018/3/31,395.3262633,38946452754,1552652585,98517241,3927521.971
2018/4/1,395.796381,39000868214,970454263.2,98537708,2451902.821
2018/4/2,379.1235134,37365640070,928418706.6,98557960,2448855.515
2018/4/3,384.8259823,37935548084,725811930.9,98578448,1886078.291
2018/4/4,415.716234,40989129293,938277656,98598818,2257014.712
2018/4/5,380.2819596,37503095784,888566484.5,98619182,2336599.1
2018/4/6,384.4644854,37923466119,767721856.1,98639712,1996860.27
2018/4/7,369.9138977,36495759521,590720199.9,98660147,1596912.697
2018/4/8,383.4463609,37838661360,549082514.9,98680455,1431966.947
2018/4/9,396.9817555,39182417251,565597670.6,98700801,1424744.746
2018/4/10,398.773355,39367328706,1095742137,98721061,2747781.724
2018/4/11,412.6893456,40749602576,687260482.5,98741591,1665321.603
2018/4/12,427.384946,42209337332,816313720.2,98761872,1910019.826
2018/4/13,488.6054893,48265439664,1871680189,98782025,3830657.309
2018/4/14,488.9921813,48313044128,1771917383,98801261,3623610.869
2018/4/15,495.1129136,48928578122,960941082.5,98823070,1940852.392
2018/4/16,525.5274445,51944970388,1113471502,98843497,2118769.464
2018/4/17,507.1103131,50134949937,952394918.7,98863992,1878082.331
2018/4/18,498.4670076,49290625427,834810907.6,98884429,1674756.593
2018/4/19,517.3740432,51170694522,827471474.5,98904642,1599367.973
2018/4/20,566.3920839,56030501149,1223410366,98925290,2160006.117
2018/4/21,590.2719225,58403874541,1477100076,98944016,2502406.128
2018/4/22,600.2596768,59405441433,1412079787,98966237,2352448.185
2018/4/23,617.2024079,61094825885,1226887274,98986694,1987819.973
2018/4/24,636.3671639,63004894796,1175262574,99007143,1846830.95
2018/4/25,705.0276448,69817174452,2013232706,99027570,2855537.256
2018/4/26,613.7267253,60788471583,2772144667,99048109,4516903.946
2018/4/27,657.0577935,65093958670,1616604527,99068848,2460368.849
2018/4/28,641.9936056,63614677084,1327872538,99089269,2068357.888
2018/4/29,672.5969368,66660769651,1170961463,99109535,1740955.688
2018/4/30,680.1204954,67420561666,1180427165,99130319,1735614.752
2018/5/1,662.7327358,65710538602,1271088004,99150887,1917949.628
2018/5/2,665.2257861,65971279396,1342793449,99171260,2018552.914
2018/5/3,676.5525639,67108704082,1153897333,99192151,1705554.593
2018/5/4,781.4257805,77526578542,1005515084,99211698,1286769.786
2018/5/5,777.907647,77194381804,1967182624,99233350,2528812.555
2018/5/6,807.0673292,80104681673,1617671981,99254026,2004382.934
2018/5/7,785.8927435,78019321357,1742487117,99274770,2217207.286
2018/5/8,748.8131414,74353698902,2808727749,99295398,3750906.059
2018/5/9,744.3248257,73923190963,1562833108,99315767,2099665.434
2018/5/10,743.6398157,73870430059,1517875906,99336303,2041143.944
2018/5/11,717.4128744,71279821649,1329169268,99356764,1852725.697
2018/5/12,675.2917525,67108755487,1867453051,99377425,2765401.834
2018/5/13,683.1702676,67905759627,1574237121,99398002,2304311.525
2018/5/14,726.8719105,72264507768,1358354340,99418490,1868767.138
2018/5/15,727.8026816,72371889346,1747256249,99438888,2400727.963
2018/5/16,703.1556815,69935482264,1318045202,99459457,1874471.382
2018/5/17,702.4531187,69879914022,1283393782,99479826,1827016.989
2018/5/18,665.6275313,66230317444,1148132529,99500568,1724887.381
2018/5/19,686.2132687,68292780311,1140013811,99521218,1661311.232
2018/5/20,685.846754,68270520549,955540974.6,99541946,1393228.107
2018/5/21,703.8146666,70073661062,964430376,99562661,1370290.251
2018/5/22,688.9132212,68604235450,914750523.9,99583276,1327816.764
2018/5/23,641.1003511,63856048465,1134342773,99603827,1769368.51
2018/5/24,581.2411881,57906139337,1636502158,99624975.87,2815530.268
2018/5/25,597.8487719,59572815257,1578836654,99645291.69,2640862.921
2018/5/26,582.2793863,58033414970,1130488778,99665927.28,1941488.579
2018/5/27,580.4834598,57866488202,793211715.5,99686713.25,1366467.385
2018/5/28,565.9260648,56426783299,936703218.9,99706987.91,1655168.894
2018/5/29,511.6158804,51022311777,1349222686,99727771.81,2637179.059
2018/5/30,561.7406615,56032720819,1304128811,99748379.75,2321585.209
2018/5/31,555.349151,55406697682,1076970537,99769122.87,1939267.459
2018/6/1,571.7271135,57052511798,1016848280,99789760.62,1778555.286
2018/6/2,573.8335505,57274516594,988913896.7,99810330.97,1723346.249
2018/6/3,583.1316392,58214660996,917573393.7,99831079.44,1573527.025
2018/6/4,609.2946747,60839012157,960786811.9,99851540.94,1576883.652
2018/6/5,586.575976,58582699276,998788030.5,99872312.66,1702742.818
2018/6/6,600.678279,60003382388,981693246.8,99892712.09,1634307.883
2018/6/7,598.2160985,59769818240,883508366.8,99913423.25,1476905.033
2018/6/8,595.1261407,59473431631,987621968.4,99934161.12,1659517.035
2018/6/9,590.4981452,59023188217,774931924.1,99954908.75,1312335.916
2018/6/10,581.1212497,58097979895,704024660.5,99975659,1211493.575
2018/6/11,522.9980387,52297773131,1323637043,99996117.12,2530864.258
2018/6/12,529.1308298,52922017101,1163129333,100016884.5,2198188.553
2018/6/13,495.0763559,49526210495,1183551768,100037519.3,2390644.905
2018/6/14,474.859113,47513487722,1330197064,100058072.8,2801245.733
2018/6/15,516.6441704,51705041672,1634517038,100078631.7,3163719.116
2018/6/16,485.4328365,48591417578,1129671620,100099156.7,2327142.985
2018/6/17,493.0678581,49365820389,732126705.8,100119729.1,1484839.65
2018/6/18,491.400276,49208886720,675191595,100140128.4,1374015.498
2018/6/19,512.4288525,51325180407,861532499.7,100160598.2,1681272.425
2018/6/20,532.0039134,53296770079,1047558826,100181161.7,1969081.053
2018/6/21,529.7630466,53083203704,983081480.7,100201786.5,1855700.368
